"","atac.l1.predictions"
"TGCATGACAGGCTACC-1","CD4 T"
"GGTGTCGCATGGTATC-1","CD4 T"
"TGACAACTCGCAAGCC-1","CD8 T"
"GTTGGGCCATGGCCGT-1","B"
"GCCATAATCATACTTC-1","CD8 T"
"AACCTTTAGCGCATTT-1","CD4 T"
"ATCCAGATCGCGCTGA-1","Mono"
"GGGTTATCATCACAAC-1","Mono"
"GCCCGAAGTATGTTCG-1","CD4 T"
"CTGTATTGTCACCCGA-1","DC"
"TCAAAGCCAAGCACTT-1","CD4 T"
"CAGCCTTTCGAAGCCC-1","Mono"
"GCTTTCGGTTTAGACC-1","CD4 T"
"TGTGACACACAGTTAC-1","CD4 T"
"TTGTTCATCGACTTAG-1","CD8 T"
"CATTCCGTCTCGACAA-1","CD8 T"
"AACGAGGAGAAAGGGT-1","Mono"
"GATGATCAGCTCCGGT-1","CD4 T"
"GCGCATGAGTGATAAC-1","Mono"
"GGGCCATGTATTCGCA-1","CD4 T"
"TATCGAGAGGCTCAGA-1","CD4 T"
"TCACTCGGTCAAGACG-1","Mono"
"GCCTACTCACTCCTCA-1","CD4 T"
"GTCACGGTCCGGAAAG-1","CD4 T"
"AACCTGAAGTGAATAC-1","CD4 T"
"GCCCAGACATCCCTCA-1","NK"
"TAGCACAGTTTGCGAT-1","CD4 T"
"AACTGGTAGAAGGGCG-1","Mono"
"AGGCCTGAGAGAACCC-1","Mono"
"TCGGGACCATTCTCGC-1","CD4 T"
"CTCTAGCCAATGGCAG-1","CD4 T"
"CACATGATCCCTACCA-1","CD4 T"
"CACCTGTCAGTAGTCT-1","CD8 T"
"CAGGGCTGTTGTGACT-1","B"
"GCATTGAGTCCAAGAG-1","Mono"
"CAAGCTACATTTGGTG-1","Mono"
"CTCTCAGGTATGGTTC-1","CD4 T"
"ATGTACGTCAAGGCCC-1","Mono"
"TCAGGGCAGAATCAAC-1","B"
"TGGCGCATCTCTTAAC-1","B"
"ACCTGCTTCCTGGAAT-1","CD4 T"
"CGTGGCATCGAGAACG-1","CD8 T"
"TGGTCAATCTCTGCAC-1","Mono"
"ACAAACCAGCCTTTGA-1","Mono"
"AACAAAGTCCGAGGAA-1","B"
"GCATGATAGCTGGAGT-1","CD4 T"
"TGTGTCCAGTCGTACT-1","Mono"
"ACTCGGGTCTTAGTGG-1","CD4 T"
"CCTTGCACATTTCTTG-1","B"
"TGCCTCAAGTCACACT-1","B"
"AGGCCCAAGACTAGGC-1","Mono"
"CCCGTTATCTACTTTG-1","CD8 T"
"TTAGGTGCATACCCGG-1","CD8 T"
"ATGTACGGTGCCAAGA-1","CD4 T"
"TGTGTCCCAAGCGTCC-1","Mono"
"TCGTTCGGTAAGTCTC-1","CD4 T"
"GTTACGAGTACTTCAG-1","CD4 T"
"ACCTGCTAGAAATGGG-1","CD4 T"
"GCAGCTGGTCCGTCGA-1","CD8 T"
"AAGGAGCCAATGTAAG-1","B"
"AGATTCGCACGCTAAT-1","Mono"
"TACTGCCGTGACAAGC-1","CD4 T"
"TGCTATTAGATTCCGT-1","CD4 T"
"AGCCTTCAGGCTCCTG-1","B"
"CTCTACGTCGGTCGAC-1","Mono"
"TACATGGAGGAGTAGA-1","CD8 T"
"TGGCGCACATTCTCGC-1","other T"
"TCAGGTACATACTGCA-1","CD4 T"
"GGCACGTCAACTGCGC-1","Mono"
"TGTAAGCTCTATACCT-1","CD4 T"
"AGCCTCTAGACACAAT-1","CD8 T"
"GGGACCTAGCGCACAA-1","B"
"ACAATCGCAACTCGTA-1","Mono"
"TCGCCTATCTCTTCCT-1","CD4 T"
"TATCGAGGTATACGCT-1","CD4 T"
"GTAGTACCAACGTCCG-1","CD4 T"
"TGATGCATCGCGTGAC-1","Mono"
"TATGTGGGTCAACGGA-1","CD4 T"
"AAACTGCTCAGGTCTA-1","CD4 T"
"TGACAACCAACGTACT-1","CD8 T"
"CTCAACCTCCCTATTA-1","NK"
"GCACGGTAGGCCAGTA-1","CD4 T"
"AGTGCGCTCTCTATCA-1","CD4 T"
"TTCGGTCAGGGTAATT-1","CD8 T"
"TTGCGAACAAGTCTCA-1","CD4 T"
"TGCCTCATCAACACGT-1","B"
"TTATGTCGTAAGCCGA-1","CD4 T"
"TGGGTGCAGTTCTCCC-1","CD4 T"
"TCAAGCACAAATTCCG-1","B"
"GGTACCGGTCCGTGCA-1","B"
"ACAGAAAAGAGCGGTT-1","CD8 T"
"CATAACGTCCCACTAC-1","CD4 T"
"AGCGTGCCAAACTACC-1","CD4 T"
"TGTGTCCCATTCACCC-1","CD4 T"
"TTTGGCCCATGCGCTG-1","B"
"GTTGGGCCATTAAGGA-1","CD4 T"
"ACTTCCGAGCCCATGC-1","NK"
"AGGCCTGAGCTACGTT-1","CD4 T"
"GTCGTAATCCCAGCAG-1","B"
"GACCAATCACGTTAGT-1","Mono"
"CGATGATGTTAGGCTT-1","Mono"
"CTTCTAAGTAAACGGC-1","CD4 T"
"AGTTTGGTCTTAATCC-1","CD4 T"
"CACTGAAAGGAAACTT-1","CD4 T"
"TTTACGTCAGACTAAA-1","Mono"
"GAAACAAAGCAGAATT-1","CD8 T"
"AACGAGGCACAACGGA-1","CD4 T"
"GCTCACTCACACTAGT-1","CD4 T"
"AGTGTACAGATATGAC-1","CD4 T"
"TAGGTGTAGTCGACCC-1","CD4 T"
"CTGAATGCATCTCTCG-1","Mono"
"TTACTCATCGGGAAAC-1","CD8 T"
"CTCATGCTCGGTAGGA-1","CD8 T"
"CAACCAAAGCCTGTAT-1","CD4 T"
"TACATTCAGCGTCTGC-1","Mono"
"ATCCCTGAGTCGTACT-1","B"
"TATCGAGCATGCGCTG-1","CD8 T"
"GATGATCAGAAAGGGT-1","Mono"
"AAATGCCAGCACGTAG-1","Mono"
"TGACAACCAACGAGGT-1","Mono"
"AAATGCCCACCTGTGG-1","CD8 T"
"GTAGACTAGGCTTAAA-1","Mono"
"AAAGGATGTGACAAGC-1","CD4 T"
"CGATGATCAAGGATGC-1","CD4 T"
"TCGAGCGTCTATTTCG-1","CD8 T"
"ATTCGTTCAAGATTAG-1","Mono"
"CGAGTTAGTACATGGG-1","CD4 T"
"CCGAAGCCACTGCTTC-1","B"
"TTGAGTGTCCTTACGC-1","Mono"
"TACGCAAAGCGTATCT-1","B"
"AGGCCCATCTGGTACA-1","CD8 T"
"GAGAACGTCCACACCT-1","CD4 T"
"GCGGAAAAGAGGAATG-1","B"
"GCTGTTCGTCAAGACG-1","Mono"
"TCAGCTCCACCACCAG-1","CD8 T"
"TGCCTCAGTCTAAAGA-1","Mono"
"GAGAACGAGTCGTACT-1","Mono"
"CTTGCCACAGCAACCC-1","CD8 T"
"GTTATGGCACTGATAC-1","CD4 T"
"TCGAGCGGTAAAGGCC-1","B"
"TAGACTGTCATCGCAA-1","CD4 T"
"AAATGAGAGTCGCCTG-1","NK"
"TTTGAGGAGGGAAATG-1","CD8 T"
"ATCCTCGAGTGCCCTG-1","Mono"
"GCTGTTCGTTATAGAG-1","CD4 T"
"TGCATTTTCAATCGTG-1","CD8 T"
"TCAGTCCCAGACCTGC-1","CD4 T"
"TAGCACAGTGAGTCGA-1","CD4 T"
"GCTGTTCAGACTCTTG-1","CD8 T"
"ACTAACGCACATTCTT-1","B"
"GGCGTTGAGGGTTCTT-1","CD4 T"
"AAAGGATGTCAGGCTC-1","B"
"ACATGGTTCTCGCGTT-1","B"
"TAAGTGCCAAGCTTTG-1","CD4 T"
"TGTAGCAGTATCCCTC-1","Mono"
"TACTAGGGTAAGGTCG-1","CD8 T"
"CAGTATGCAGGATGTG-1","B"
"CTTCTAACAGAAAGAG-1","CD8 T"
"GTCGTAATCCTGTAGA-1","CD4 T"
"GAGCGCTTCATGAACC-1","Mono"
"TTACTCATCGGAAAGC-1","B"
"TAGGAGGAGGTTAGTA-1","NK"
"ATAGGCTCAACTAGAA-1","Mono"
"CCACGTTAGGCTTAAA-1","CD8 T"
"AACTTGGAGCCGCAAA-1","NK"
"ATTGTCTTCTTACGGA-1","other T"
"TGTACGACATCAGAAA-1","CD4 T"
"CGGACCAGTAAGGTCG-1","B"
"AACTTGGAGCGTCTGC-1","B"
"TTACCCGTCCTTCGAC-1","CD4 T"
"CGTTCCAGTTATCGAC-1","Mono"
"AATACGCTCAGAATGA-1","Mono"
"AACAAAGTCTCCACTG-1","Mono"
"AGCCTGGTCAGGTTTG-1","CD4 T"
"AGATTCGTCAAACCCA-1","NK"
"CTAGCGGCACTGTAAC-1","CD4 T"
"TCCATCGCAAAGCTTC-1","B"
"TCACTCGAGTGAGCAC-1","DC"
"GGTGCTGCATCGTGAT-1","CD4 T"
"TATCGAGTCGCTTGAA-1","B"
"GCGATTAGTAGATTAG-1","CD4 T"
"GTGCTGGTCTAGCTGA-1","CD8 T"
"GAGCATTGTCACTCTC-1","B"
"TCAAAGCAGTCTCCAA-1","Mono"
"TCAAGCACATATTGGC-1","NK"
"TTTGGTTGTTCGGGAA-1","NK"
"CTTGCCAAGCGAGCTA-1","CD4 T"
"GTTGGTAAGCAGAAAG-1","Mono"
"AGACAAATCTCAGATG-1","CD4 T"
"TACGCAAAGCAACTGG-1","CD4 T"
"CGCGCAAAGTCTGCTA-1","B"
"ACCCAAACATCTCACC-1","CD4 T"
"GATCGTAGTATCACAC-1","CD4 T"
"TGTAAGCCAATGGTCT-1","CD4 T"
"GATGATCAGAGGCCTA-1","CD4 T"
"CGCTATCTCTCGCGTT-1","NK"
"CCGTGAGGTGCGCTCA-1","CD4 T"
"CTGCTCAGTCTCTGGG-1","CD4 T"
"AATGTCGCAATGCCAT-1","CD8 T"
"GCTTTCGGTCCGTCGA-1","CD4 T"
"GGATAGGTCCCAATGA-1","DC"
"TCAAAGCTCCATCGAA-1","CD8 T"
"AGTGTACAGCGTCAAG-1","CD4 T"
"CCAATGAGTTAGCTCA-1","CD8 T"
"TTGCCCAGTAGAATAC-1","B"
"TAATCGGTCGCCAGAC-1","CD4 T"
"GTAGGAGTCGTTCCGT-1","NK"
"GCTGTTCCACTGCTTC-1","CD8 T"
"GAACGTTCAAGCTTTG-1","B"
"TCACCACCAAGCCCTG-1","DC"
"CCACGTTGTGATGCTT-1","B"
"GAACGTTGTCCGTCGA-1","Mono"
"GCTTAAGAGCTGGAGT-1","CD4 T"
"ACAGGCCGTAGCCATT-1","CD4 T"
"TTGCGGGGTTACGGAG-1","CD4 T"
"CCCAGAGCAAAGAAGG-1","DC"
"AAGGAGCAGTTCAAGA-1","Mono"
"AACTGGTAGAAATCTG-1","Mono"
"ACGTGGCAGCTCCGGT-1","CD8 T"
"AACAGTCCACATTGCA-1","B"
"GTCACTCCAGCAAACG-1","CD4 T"
"CCCTCTCTCCGGAAAG-1","Mono"
"AATACGCTCCTCTCTT-1","other T"
"TAGCCCTAGAGTAAGG-1","B"
"GCTCCTATCGCCTTAC-1","B"
"GCACGCATCCATTGAG-1","Mono"
"TCCCACAAGACTCGGA-1","Mono"
"AGGCCTGGTTATAGAG-1","Mono"
"AGTCAACGTACAACGG-1","B"
"AACCTTTCAAGGAGGG-1","CD4 T"
"GAAGTCTTCGCAGATT-1","CD4 T"
"TTGCCCACACAGGTAG-1","CD4 T"
"GAGCATTAGAGAGTTT-1","other T"
"CTTGCCAAGTTCCCGG-1","B"
"GGTAGGAGTAAGCCTT-1","B"
"AGTGCCGAGTTTGGAA-1","CD8 T"
"GGTGAAGCACTCGGAC-1","CD4 T"
"TACAGCAAGTACAACA-1","CD4 T"
"CCCTCTCCACGTTAGT-1","B"
"GGAGAACAGGAGACTC-1","CD4 T"
"GGAACTTGTGCGCTCA-1","CD4 T"
"TGGGTTAGTATTCGCA-1","DC"
"TATCGAGCAGTTAAAG-1","Mono"
"GCGGTGTTCTACTGCC-1","NK"
"GGTGCTGAGAAATTCG-1","CD4 T"
"TTCGCGTTCCAAGTCA-1","Mono"
"TAGCGGCCAACTAGAA-1","B"
"GCTCCTAAGTCGACCC-1","Mono"
"ACGTTAGTCCAGGCCA-1","CD4 T"
"AGGCCTGGTGGTGGTA-1","Mono"
"TCAAAGCTCGGCATAT-1","other T"
"GGAGTAGGTAAGCCTT-1","NK"
"ACAGGCCAGCTTCAAC-1","DC"
"TCTAGTTAGATGTTGA-1","CD4 T"
"CACTAAGCATTAAGGA-1","DC"
"TACGGATCAACAAACA-1","CD4 T"
"CGCTATCTCTGTTGCC-1","Mono"
"GACCTTCCACTAAACC-1","CD4 T"
"ACTATTCCATTTGGCA-1","Mono"
"ATATTCCCATCCTCGT-1","CD8 T"
"CGCACAGTCACCGCGA-1","Mono"
"TCGTTCGCAGAACGAC-1","B"
"CGTACAATCCGAGAGA-1","CD4 T"
"TGCTATTCACGCGTTG-1","Mono"
"AGCGTATTCTCTGTTA-1","Mono"
"AGACAAACACTAGGAG-1","Mono"
"AATGGAATCTCGCGGA-1","DC"
"CATTCATGTTTGCGAT-1","CD4 T"
"AAGGTTCCAGCCACGT-1","CD8 T"
"GCGATCGAGGTGTTGG-1","CD4 T"
"AAGGAGCAGTTGGAAT-1","Mono"
"CCATACCAGGAATGGA-1","CD8 T"
"GGTTGCGGTTGCTTGA-1","CD4 T"
"TAGGTGTGTGATTCCA-1","CD4 T"
"ACAGGCCAGTGTTCCA-1","CD4 T"
"CTCTCAGAGCAATAAC-1","CD8 T"
"TCAAGCACAGCAACAG-1","CD4 T"
"TATGTTCTCGCGGCAT-1","CD8 T"
"TGCCTGTTCAGGCCGT-1","Mono"
"ATAGGCTCAAGTAACA-1","Mono"
"TACCTATCAACGTCGC-1","CD4 T"
"CACCACTCAAGCGTCC-1","Mono"
"GCGATCGGTGCAAGAC-1","B"
"GCTCACTAGCCTATAC-1","CD8 T"
"GAAACAACAAAGAAGG-1","CD4 T"
"GAGCATTCAACGTCCG-1","DC"
"GCATTCCGTAACGGTG-1","Mono"
"CTTCTAAAGTGAAACT-1","Mono"
"TAACGGTCACCTGTGG-1","Mono"
"CGCAGGTTCCGTACGG-1","Mono"
"AGGCGAACAGCGTACC-1","B"
"TGCTTTATCTGAAAGA-1","CD8 T"
"CTCATGCGTAATGTAG-1","B"
"CTGCGTTAGTGTGTAA-1","DC"
"TTTGTGTGTGCGTCCA-1","CD4 T"
"GGAACTTCAATAGTGA-1","CD4 T"
"CAATCCCGTACAAATG-1","Mono"
"AATGCCACAAGTCCTA-1","CD4 T"
"ATGCATGGTCGCTACG-1","B"
"CTTGCTGTCCGGACTG-1","CD8 T"
"GGTAGGACACTAGCCG-1","CD4 T"
"GCCTACTGTCCAAGTT-1","CD4 T"
"TCACCTGTCGTCTTAT-1","Mono"
"TAAGTGCCAGGTAGGT-1","Mono"
"GAAACAAGTTCTGAGT-1","B"
"TTTACGTAGTCCCGCA-1","Mono"
"TTCTGTAAGCATGATA-1","CD8 T"
"CTCTAGCTCCTAAGTG-1","B"
"CCTTGGTAGCGCCTAC-1","B"
"GAGCGCTAGTCAGGAC-1","other T"
"GATCATGTCGTGGAAG-1","CD8 T"
"TGCCTCAAGTGCTAGG-1","CD8 T"
"GCGCATGTCACACGTA-1","B"
"GCTCCTATCCCGCAAG-1","Mono"
"GCGGAAAGTGAATGTA-1","Mono"
"ACAGACTCATGCGTTA-1","B"
"CGCACAGTCTGCTACC-1","Mono"
"GTACTTTGTAGTATCC-1","Mono"
"GTGCACGTCAGAGTGG-1","B"
"TTCGGTCAGCGTCTGC-1","CD4 T"
"GGAGAACCATTACTTC-1","Mono"
"TGGCGCATCGACGGAA-1","CD4 T"
"ACTCGGGGTACGGTTT-1","CD4 T"
"CAACGGCTCACGTCAA-1","B"
"TCAATTCCACAGCTTA-1","CD4 T"
"GGCACGTCAATTCAGC-1","other T"
"CCCTGATGTGACGCAA-1","Mono"
"TTTGGCCGTAAACGTA-1","CD4 T"
"CACTGAACATTTAGGC-1","CD4 T"
"ACAGAAATCGGATAAA-1","CD4 T"
"CCAGAATGTATGTCCA-1","DC"
"CTCACCACAGGATGTG-1","NK"
"TGCTTCGTCGCACAAT-1","Mono"
"AATACGCGTCACCGCA-1","other T"
"GTCACGGCATGGGTGA-1","CD8 T"
"TAGGTGTAGCTTACCA-1","CD8 T"
"GGGAACACAGATTTGC-1","DC"
"TCAAAGCAGCCTGTAT-1","CD8 T"
"AATGCCATCTGACTTT-1","CD8 T"
"ACCGGGTTCAGTGGTT-1","B"
"ATGTCGAGTGGTACTT-1","DC"
"TGTAAGCGTTCTGAGT-1","CD8 T"
"TAGCCCTGTAGATTAG-1","CD4 T"
"ACTACCCAGTGAAACT-1","Mono"
"CGCTAGGTCACAGGGA-1","B"
"GCTCGAGCAAGCGTCC-1","B"
"GCGGGTTGTTGCAGCC-1","Mono"
"CTGTATTTCGAGAAGC-1","CD8 T"
"AATGGAATCGTGCTGG-1","B"
"TCACAAGCATAGTCCA-1","Mono"
"CTCAGAATCTTGGCCT-1","CD8 T"
"AGCTGATTCCGCTCTA-1","B"
"TGTTAGGCACCACGAC-1","Mono"
"TTGTTGTCATTAACGC-1","Mono"
"CTCAGCTAGTGAATAC-1","CD4 T"
"CCCACATCACCACGAC-1","Mono"
"AAGATAGAGGCCAATG-1","CD4 T"
"AGCCTGGAGCAGTAGC-1","Mono"
"GATCATGTCGCACAAT-1","Mono"
"GGAGTAGTCGCACCGA-1","CD8 T"
"ACTCGGGTCCAAGTCA-1","NK"
"AACCTGACATCAGCTA-1","CD4 T"
"TGGAAGGCAACAAACA-1","CD4 T"
"ACAATCGGTTAGAGAT-1","Mono"
"CACTAAGCACAAACGG-1","CD4 T"
"GCGAGAAAGGGCATTG-1","B"
"GAAAGTACAGTAGTCT-1","Mono"
"ACGGATTGTTCAGTAC-1","CD8 T"
"AGCCTGGTCCTCATTA-1","B"
"TTGTTGTAGTGATAAC-1","other T"
"TAATTCCTCGTGGCGT-1","Mono"
"TTCGCGTGTGTCGTGC-1","CD4 T"
"GATCATGGTAGTATCC-1","NK"
"ACCCAAAAGAGAGTTT-1","CD8 T"
"CGCTAGGAGACCATAA-1","Mono"
"CGTAAACTCTGAAAGA-1","CD4 T"
"CAGTGTAAGGAAGGTA-1","CD4 T"
"TTGCCCAGTGGTGGTA-1","Mono"
"CTAACTTAGTACAACA-1","CD4 T"
"GTAATCGAGACGCCAA-1","Mono"
"TCACAAGGTTTCTTAC-1","Mono"
"ACCGCAGTCTGGCGCA-1","CD8 T"
"ACGTGGCTCGGGAAAC-1","B"
"CAAAGCTGTCACAGGA-1","Mono"
"TTTGGCCCAAGCAACG-1","Mono"
"TAACTTCCAAGTAATG-1","CD4 T"
"AACAAAGCATTACCTT-1","NK"
"CGCTGGATCGTCCCAT-1","CD8 T"
"TCCGACTAGTTAGCAA-1","B"
"CGATGATTCTACATCT-1","B"
"TTTGCGCAGTCACACT-1","B"
"CCTTGGTTCTGGACAT-1","CD4 T"
"GAACTTGGTGGCGCTT-1","CD8 T"
"GTGTGATTCTTCCGTG-1","other T"
"TCGGGACAGTTCGCGC-1","Mono"
"TAGTCCCCAGAAAGAG-1","CD8 T"
"TCACAAGTCCGTTTCG-1","CD4 T"
"TTCGATTTCTGGCCAG-1","CD8 T"
"CCTCCCTAGGTTGACG-1","Mono"
"TCTCTGGGTGATGCTT-1","B"
"GTGACATTCGGTCTAA-1","CD4 T"
"GGCATTACAAAGGAAG-1","CD4 T"
"GGAGTAGTCGTGATAC-1","Mono"
"CTAGCGGTCGGGAAAC-1","Mono"
"CACCACTAGAATCAAC-1","Mono"
"GCTGAGCGTATGAAGT-1","CD4 T"
"TTCTAACTCCCAGCAG-1","B"
"TTCGCGTGTTACGCTA-1","Mono"
"CCTCCCTTCAAGTTGC-1","B"
"CTCAACCTCAACGTGT-1","Mono"
"TGTGGCGTCCATACCC-1","CD4 T"
"GACTAACTCTGATCCC-1","CD4 T"
"CCCACATTCAGGTTTG-1","CD4 T"
"GAATCTGCAACTCGTA-1","Mono"
"TACTAGGAGTCGATAA-1","NK"
"CCTGGGAGTGATAAGT-1","Mono"
"CAACGTAGTCAGAGTG-1","CD8 T"
"TCAGGTACACACATGT-1","NK"
"AGCCCGACAACTGCGC-1","Mono"
"TAAGTGCGTATCAGCT-1","CD4 T"
"TTTGCGCGTTCTTTGT-1","Mono"
"GAGTGAGGTGGACTGA-1","CD8 T"
"CTGCTCATCCTCCAGT-1","B"
"TCAGGTACATTAAGGA-1","B"
"GATTAGCTCGTCGCAG-1","Mono"
"GTTATTCCAATGTGCT-1","CD8 T"
"AGGCGTCGTTGTATCG-1","CD4 T"
"ACCATCCTCATACTTC-1","B"
"ACTGTCCCATGGGACA-1","Mono"
"TAATTCCGTCAACTAC-1","CD4 T"
"GCACGCAGTACAAATG-1","Mono"
"TTCTAACTCCACACCT-1","B"
"GCAGATTTCATTCGGA-1","B"
"TGAATCGCAACCTCCT-1","CD4 T"
"GTAGTACGTCAGTGCC-1","CD8 T"
"TCAGGTAGTTTGCGAT-1","CD4 T"
"TCTAGTTAGGCTTCGC-1","CD4 T"
"TTAGCTTGTTATAGAG-1","CD8 T"
"GGTAGGAAGTCTCTAG-1","CD4 T"
"TAGGTGTCATAGGCGA-1","NK"
"TGCTCACAGATCCGAG-1","other T"
"GCAAAGGGTAGTCCAT-1","DC"
"GATGGCCTCGGTCTCT-1","CD8 T"
"AACCTTTAGATGCGCA-1","CD4 T"
"TGACAACAGCGGACAT-1","NK"
"CGGACCAAGGCAGTGT-1","CD4 T"
"CTCAACCTCGGTCTAA-1","CD4 T"
"GCACCTTTCACAAGCT-1","Mono"
"CTCAGAAAGTTTACGC-1","other T"
"CTAGCGGTCGTGAACT-1","Mono"
"ATATTCCGTTATCGAC-1","Mono"
"GCTTAAGTCCGATGCG-1","Mono"
"TCGCAGGAGCATGATA-1","Mono"
"CACTAAGTCGTCCCTA-1","CD8 T"
"AGTTACGCATTACCTT-1","CD4 T"
"TTGTCTACATGCACTA-1","DC"
"TACTGCCGTGGCCTCA-1","Mono"
"AACGGGAAGCTACGCC-1","Mono"
"TTTACGTTCATTCGGA-1","Mono"
"GCTGAGCAGGATTGAT-1","Mono"
"CATTGGACAACGCACC-1","NK"
"TTCGCGTAGACGTCAG-1","Mono"
"TGCTTCGTCCTTACGC-1","CD8 T"
"TGCTTTATCGCGTGAC-1","CD4 T"
"CCGAAGCCACGCGCAT-1","CD4 T"
"GTTCAAGCAACTCGTA-1","B"
"CTACTTATCTTGGCCT-1","CD4 T"
"TACTAGGTCACGATTG-1","B"
"AAGGAGCCACATTGCA-1","Mono"
"AAAGGGCGTTATCGAC-1","CD4 T"
"CAAGAAATCTACTGCC-1","DC"
"GCACGGTAGGCTGGAT-1","Mono"
"TCAAGACTCGCTCTAC-1","CD8 T"
"TTGCTTAAGGTTGACG-1","CD4 T"
"TCCCACAAGGACCGAT-1","Mono"
"TTACGGATCTTCCGTG-1","DC"
"GCAACCGAGCATGATA-1","Mono"
"ATCCAGACACTTTGGA-1","Mono"
"GAAGTGGTCATTCGGA-1","Mono"
"AGCCTCTTCACTCCCA-1","CD8 T"
"GACCAATTCTGTTGCC-1","CD4 T"
"CAAGAAAAGAGGTACC-1","CD4 T"
"AACTTGGAGACTAGCG-1","Mono"
"TCCATCGGTCCGGTAC-1","NK"
"GGGAACATCTGGCACG-1","CD4 T"
"CAAGGCCAGATATGTG-1","Mono"
"CGTGGCACACCCTTTG-1","Mono"
"CCGTAGGTCGATAGCT-1","Mono"
"CAACGGCTCTTGTCAT-1","Mono"
"ATATTCCTCAATTCCT-1","B"
"GGAATCTGTTTGTGAC-1","B"
"GGGACCTGTAAGTCTC-1","Mono"
"TTGCTTAGTTACTACG-1","CD8 T"
"GCCTAGGCAGCAGGTA-1","DC"
"AGGCGTCTCTATCTCA-1","B"
"GTAGTACGTTGGCGAA-1","B"
"TTACGGATCTCTTCTC-1","CD8 T"
"CTAACTTTCGTTCCGT-1","CD4 T"
"TATCTGTAGAGCTACG-1","CD4 T"
"CGCGCAACATTCGTCC-1","NK"
"ATCGAGTTCGATCGCG-1","CD4 T"
"GTCCATCTCGAGAAGC-1","Mono"
"AGCCTCTCAGTCAGCC-1","NK"
"GATTGACTCCTTGACC-1","Mono"
"GCATGATAGGAGTCTG-1","Mono"
"TTCTAACGTTCTGAGT-1","CD4 T"
"GTGCCAGAGTGCCCTG-1","Mono"
"GTTATTCCACAGTTCA-1","Mono"
"AGCTGGCAGCGCATTT-1","Mono"
"TCAGGTAGTAGATGAT-1","Mono"
"AACAGTCAGTGTTCCA-1","CD8 T"
"CTACTTAGTAGTCCAT-1","CD4 T"
"AACCTTTAGACGCCCT-1","CD8 T"
"TGATTTCTCACGTCAA-1","B"
"TTGGTCCTCGTCCCAT-1","CD4 T"
"GCCCGAAGTTATAGAG-1","B"
"GGATAGGCATACAACC-1","B"
"AACAGTCAGTGAATAC-1","Mono"
"TGATTTCTCCCACTAC-1","CD4 T"
"TAAGCCAAGTCTGTGT-1","DC"
"TAAGTGCTCCCACGGA-1","CD8 T"
"AGCCTCTGTATACGCT-1","CD4 T"
"CATGTTTTCGATAGGG-1","Mono"
"CGCGCAACAAGGGTAC-1","DC"
"GCAGATTAGGAAACTT-1","CD4 T"
"AACGTACGTCCAAGAG-1","NK"
"GTAGGAGTCTCATCCG-1","CD8 T"
"ACTACGAGTAACATAG-1","CD8 T"
"GTCACAACAATCATCG-1","CD4 T"
"TAACTTCAGTCGTGAG-1","Mono"
"AACAAAGAGGAGAACA-1","other T"
"GGTGAAGTCGGTCTCT-1","B"
"CTCAACCGTGGTCGAA-1","Mono"
"TGTACGAGTCATCAAC-1","CD4 T"
"CTCATGCTCAAATGGA-1","CD4 T"
"GGTAGGATCGAACACT-1","DC"
"TATCGAGTCCATACGA-1","CD4 T"
"GCGATCGAGTCACACT-1","CD4 T"
"TTCAACTAGAAACGCC-1","B"
"CAAGCTACAAGCGAAC-1","B"
"CGGTGCATCGGTCTAA-1","B"
"CCGAAGCTCCCTACCA-1","Mono"
"CTCAACCAGCGCATTT-1","Mono"
"GCGCCAACAACTGCGC-1","Mono"
"CAATCCCAGCTTCAAC-1","DC"
"GAGGCTCAGTTACCAC-1","CD4 T"
"GCACCTTAGATTCCGT-1","CD8 T"
"AACGGGAGTTACGGAG-1","B"
"ACTACCCCACATTGCA-1","Mono"
"GCGGGTTTCTTACCTA-1","CD4 T"
"AGATTCGGTGTCCAGC-1","CD4 T"
"TAGCATGCATGGGACA-1","CD4 T"
"GCGGAAATCGGGATCC-1","CD4 T"
"CCCTCTCGTAGTATCC-1","CD4 T"
"AACGGGAGTTCCATCC-1","Mono"
"GCACGGTAGCGGACAT-1","Mono"
"TTCTGTAGTAACAATG-1","Mono"
"GAAAGTATCGCCCTTA-1","CD4 T"
"AAATGCCCATTGCGAT-1","CD4 T"
"TTCGGTCCAACTACTG-1","CD8 T"
"CCTAAAGAGCTAGCAG-1","Mono"
"TTGTTGTAGATATGTG-1","CD8 T"
"GGGACCTTCCAGTACA-1","Mono"
"TCTCTGGTCTTCCGTG-1","CD4 T"
"CACTGAATCTTCACTA-1","CD8 T"
"GGATAGGAGTTCGCGC-1","Mono"
"TACGCAATCTTCAGAG-1","Mono"
"GGAGGATAGAGAGTTT-1","Mono"
"GAATCTGGTCACAGTT-1","CD4 T"
"CACATGAGTTTCTCTA-1","NK"
"AGCCCGAAGTTCAAGA-1","Mono"
"CCACGTTGTCAATACC-1","CD8 T"
"TTGTTCAAGCTGAGGT-1","B"
"CTTGAAGTCACCCTTG-1","CD8 T"
"GTAATCGGTGCCCTAG-1","Mono"
"TAAGCCATCTTGTCGC-1","CD4 T"
"GGGTTATAGCCTTTGA-1","B"
"GCGGGTTTCGACTATG-1","Mono"
"GCTTAAGTCTCTCAAT-1","CD4 T"
"CAGGATTTCCAGGTAT-1","NK"
"TTCGTTATCGCTTGAA-1","CD4 T"
"ACTAGGTGTTGGCTTA-1","CD4 T"
"TCACAGAGTGTCGTGC-1","DC"
"GAGCATTTCCAGGGAA-1","CD4 T"
"TTAGGTGCACCTCGTT-1","CD8 T"
"GTGCACGCAATTCTCT-1","Mono"
"CCGTGAGTCCATTGTT-1","Mono"
"GCTCAGGGTGGCGCTT-1","Mono"
"GGGTGTCAGGTTTCTG-1","Mono"
"GCATTGATCGTATAGC-1","CD4 T"
"ACCAAACTCGCTGATA-1","Mono"
"TCAAGGTGTCAGCTTA-1","Mono"
"GCGCCAACAGAGCCAA-1","B"
"TAACTTCCACGAACGA-1","CD4 T"
"GGAATCTCAAGAGCGT-1","CD4 T"
"CGCAGGTCATCGGCCA-1","NK"
"TTCAACTCACCTGGTG-1","Mono"
"CCTATTACAATCACTG-1","Mono"
"CTAACTTTCTCCTTGG-1","CD8 T"
"AAACTGCGTATTTGCG-1","CD4 T"
"TCACTCGTCGCTTCAC-1","Mono"
"CAAGGCCAGCTATCGT-1","Mono"
"ACGTGGCTCCTCCCAA-1","Mono"
"TAATTCCCAACGGGTA-1","Mono"
"AGGCGTCCAGGACCTC-1","B"
"GTCTACCAGACGTCAG-1","B"
"TGAGCCGCAATGCATC-1","Mono"
"CAGTGTACACGTTAGT-1","CD4 T"
"GGTAGGATCGAGCGCT-1","Mono"
"AAAGATGGTTGCAGCC-1","CD4 T"
"GTTACTTAGTGCAACG-1","Mono"
"GCACGGTGTTCCGGCA-1","NK"
"GCTTAAGCAGGCAAGT-1","B"
"TAGCACAGTAATGCAA-1","CD4 T"
"GGATGAGTCAGATACC-1","B"
"GTGCACGCACGACGAA-1","NK"
"GGTGTCGAGTGGGACT-1","NK"
"GTCCATCTCAGCACTA-1","Mono"
"CCACGTTGTATCATGC-1","CD8 T"
"CCCAGAGCAGGCTACC-1","CD4 T"
"TGAGTCACAGGCAAGT-1","DC"
"ACCGGGTTCGGCATAT-1","Mono"
"AACGTACCAATGCACT-1","B"
"TTACTCACACCACCAG-1","CD4 T"
"TTAGCGATCGAGGTAG-1","Mono"
"TGATGCAGTGCTGTCG-1","Mono"
"TCAAGCACACACACCG-1","Mono"
"TAGGTCAAGGATTGCG-1","Mono"
"TCTCAGCCAGATACAA-1","Mono"
"TAACTTCAGAACGACC-1","CD8 T"
"TGACTCCGTATGGGTG-1","CD4 T"
"TGTGACAGTATCTGCA-1","Mono"
"ATTGTGGAGTCACACT-1","CD8 T"
"CCCTAGTTCTAGCAGT-1","Mono"
"CCACGTTAGATACCAA-1","Mono"
"CCGTAGGCATTACCTT-1","CD4 T"
"ACCGAATGTTTGTGAC-1","CD4 T"
"GCCATAACATCCCAAA-1","CD4 T"
"GGTAGGATCATACTTC-1","CD4 T"
"TGCTATTGTGAGTCGA-1","B"
"GGTTGCGCAAAGGAAG-1","CD4 T"
"ACGTGGCAGTTGGAAT-1","CD4 T"
"GAAACAAGTCCAGACC-1","Mono"
"CACAGATCATTTCACT-1","CD4 T"
"GACTAGTGTTCCAGTA-1","B"
"CTGCTCAAGGTAAGTT-1","CD4 T"
"TTGGTCCCAGTGCGAA-1","CD4 T"
"TAAGCCAGTTACGGAG-1","CD4 T"
"CACTGAAAGCCAGAAC-1","B"
"TGGAAGGGTCGATTAC-1","NK"
"CGAGTTATCGAACACT-1","Mono"
"AAAGATGAGGCTTTAC-1","CD4 T"
"GCCTAGGTCGTCGCAG-1","Mono"
"TTACCGCAGAACGTCG-1","CD4 T"
"GCTCGAGCATATACGC-1","DC"
"TCTATTGAGTGAAGGA-1","Mono"
"CACGTTCCAGGTGTCC-1","B"
"GCTCAGGGTTTCTTAC-1","Mono"
"GATTGACCAGCGTAGA-1","CD4 T"
"AAGGTTCGTACCTATG-1","Mono"
"GATGATCTCAGAATGA-1","Mono"
"GGGTGTCAGTCAACTC-1","CD4 T"
"CGCTAGGAGGATATCA-1","Mono"
"AATGCCAGTAGCCATT-1","CD8 T"
"AAAGGGCTCGAGGTAG-1","Mono"
"TCAAAGCTCTCGCGGA-1","NK"
"TAGGTCAGTACGGAGT-1","B"
"CTCAGCTCAAGGATGC-1","B"
"CTTAATCTCCATCTAT-1","B"
"TTGCAGATCGGGATCC-1","CD8 T"
"TCAAGGTGTCATGAGG-1","other T"
"CTTGCCATCTCTGCGT-1","Mono"
"GTAGACTGTACGACCC-1","Mono"
"GGTGCTGTCTTGTACT-1","Mono"
"TACAGCAGTTTGCATG-1","Mono"
"CAGCCTTTCTCTATTG-1","CD8 T"
"AATGTCGTCTGGCCAG-1","CD4 T"
"AGCGTGCAGACTTGAA-1","CD4 T"
"AACCTGAGTTCCAGTA-1","other T"
"TGCCTCAAGATGGGAA-1","CD4 T"
"AGCTGTACATATTGGC-1","CD4 T"
"TGGCGCATCGTGGCGT-1","NK"
"CGTAAACCAGTGCTCG-1","Mono"
"GGTAGGACACGTACAT-1","B"
"TTGCTATGTTACGGAG-1","other"
"ATCCAGAAGGACTAGC-1","NK"
"GTCCATCTCAGAACGG-1","CD4 T"
"CATGTTTCACGTACAT-1","Mono"
"GTAGACTCAATGTAAG-1","other T"
"AAAGGGCTCAAGGCCC-1","CD4 T"
"ACAGACTCAATGGCAG-1","CD4 T"
"AATGCCATCCAATAGC-1","CD4 T"
"ACTATTCCAGGATGTG-1","Mono"
"GCAGCCACATCAACTG-1","Mono"
"TCGTTCGCACGATATC-1","Mono"
"GAACGTTTCGTGAACT-1","Mono"
"ACCGGGTGTGCGTCCA-1","NK"
"ATTACCTTCCCTACGT-1","CD4 T"
"TTGCAGAAGTCGAAAT-1","Mono"
"GCTGTTCCACTCAGCG-1","Mono"
"AAAGATGTCTCTGCAC-1","Mono"
"GAACGTTCAGTAAGAT-1","B"
"AGTTTGGCAGTGGTCC-1","CD4 T"
"AACCTTTCACGCGACT-1","Mono"
"GCTCGAGCAGGGAGTT-1","Mono"
"ACTAACGGTCAAACAA-1","CD8 T"
"GGAGTAGCAGCAACAG-1","Mono"
"GAACCGCCAATACTGC-1","other T"
"CGCAGGTAGGATGTCG-1","B"
"GTGTGATGTGCTTGAT-1","DC"
"AGGCCCAAGGGCATTG-1","CD4 T"
"CGGTGCACACAGGTAG-1","Mono"
"GGGAACATCACTCGGG-1","Mono"
"TTGTTCATCTTGTCAT-1","DC"
"CCGTACTAGGCAGTGT-1","Mono"
"CAGCTAATCCCTACCA-1","other T"
"GATGGCCCATTTGTTC-1","Mono"
"TTCTGTACATCGAGTT-1","Mono"
"TAGGTGTTCTTTGCAT-1","CD8 T"
"TAATCGGTCGCTAGTA-1","CD8 T"
"GCGCCAAGTGGAAAGA-1","Mono"
"TGATGCAGTGATGCTT-1","B"
"CGCTAGGGTGATTCCA-1","DC"
"GCACGCAGTCATTGGT-1","Mono"
"GTGATCAGTATCTCAG-1","CD4 T"
"CTCGCTAAGGGTTCCC-1","NK"
"AAATGAGTCCAGTTAG-1","CD4 T"
"GAGAACGTCAGGTCTA-1","CD4 T"
"CCACAGGCAGCGCGTT-1","Mono"
"TGTGGCGGTGTCTACA-1","Mono"
"AACGTACAGAACTAAC-1","Mono"
"GAGAACGCATAGAATG-1","Mono"
"GAGATTCAGCAGAGCT-1","CD4 T"
"CTCCCAAAGTGGTGTG-1","CD8 T"
"GAACCTACAACGTCCG-1","CD4 T"
"ATCCCTGAGGTTGTTC-1","NK"
"TGTGGCGAGATGAGGA-1","CD4 T"
"TCCAGAAAGAAGCCGT-1","Mono"
"TAGCGGCGTTCCAGTA-1","B"
"GGTCATAGTCGATAGG-1","Mono"
"CATTCATCACCTGAAT-1","B"
"TACGCAACAGGCTACC-1","NK"
"GGTAGGACATCTGCAA-1","CD4 T"
"CACCTTGCATCACAAC-1","B"
"TCAAGACGTCATTGCA-1","CD8 T"
"CTTTGCGGTTACTTTC-1","CD4 T"
"AGCCTCTCAATTGGCT-1","B"
"CAGCTGGAGCTCCGGT-1","CD4 T"
"TGCATTTCATAGCCGC-1","B"
"GCGTTGGTCCAGTTAG-1","CD8 T"
"AGCCCGATCCACGAGC-1","Mono"
"AACCGATCAACAAACA-1","CD4 T"
"TACATTCAGTCTAGAA-1","other T"
"TTTGGCCCATGGGAAC-1","CD8 T"
"CCAGAATAGATGCGCA-1","other T"
"CCTTGGTAGCTATCGT-1","B"
"TCAGCTCAGTCATCTG-1","NK"
"AAATGAGTCGAGAACG-1","NK"
"CCAATGAGTAGAACGC-1","CD4 T"
"AGTCAACTCGAACACT-1","Mono"
"TCAGCTCTCTACATCT-1","Mono"
"TCAAAGCGTTGGCTAT-1","NK"
"CAATCCCCACATATCG-1","Mono"
"TAGGAGGAGATGTTGA-1","CD4 T"
"ACTACCCAGTGAGCAC-1","Mono"
"GGGCCATAGTCGACCC-1","CD4 T"
"ACAAGCTAGGTACTCT-1","CD8 T"
"GAAGAGCGTGCAACAG-1","CD4 T"
"TTGCGGGCAGAACTTC-1","Mono"
"TCAGGTACATTTCTTG-1","CD4 T"
"CCTTGCATCCCGGGTA-1","CD8 T"
"GGTCATATCGATCGCG-1","CD4 T"
"TCAAAGCAGAAGAGTG-1","Mono"
"TCGATTTTCGAACACT-1","B"
"AGTTACGCACCCTTTG-1","Mono"
"GCGAGTCTCTTAAGCG-1","CD4 T"
"CCGTGAGCAACTAGAA-1","B"
"TTGAGCAAGTTATGAG-1","CD4 T"
"TGTAAGCTCCCTACGT-1","CD8 T"
"TACGCCTGTACAAATG-1","Mono"
"AGACAAATCAGCACGC-1","DC"
"TTGTCTATCCGCTCTA-1","CD4 T"
"GCATTCCAGTGGTGTG-1","NK"
"AGCTGTAAGCGTGTTT-1","CD4 T"
"CGCGCAATCCTGTAGA-1","DC"
"AACGTACTCATGCTTT-1","NK"
"GGAATCTTCAGTACAC-1","B"
"TTCGATTCACGAACGA-1","DC"
"GGCACGTCAGGTAACG-1","Mono"
"CGCGCAATCTGGAAGG-1","B"
"CTGGCAGCACGTTGTA-1","NK"
"TACGGATTCGGGTCCA-1","Mono"
"TGATTTCAGGTCACTT-1","other T"
"ACAATCGGTTTCGTTT-1","Mono"
"AGACAAATCCTTGACC-1","Mono"
"ACTAGGTCATGGTAAA-1","B"
"TAACGGTCATGTATCG-1","CD8 T"
"AGCCAGCTCCTCTCTT-1","CD4 T"
"TCAAGCACATCCCAAA-1","CD4 T"
"ACGTGGCGTCTCTGGG-1","B"
"GGAACTTAGGCAAGGG-1","NK"
"GTGCTGGGTCAGCAAG-1","B"
"AAACGAACAACTACTG-1","B"
"GTTATGGTCGCCAGAC-1","CD8 T"
"TATGTGGGTCGCTAGC-1","Mono"
"TACCTCGTCGCTTGAA-1","B"
"TTCATCATCCACGGCA-1","CD4 T"
"GGGTCTGGTGGACAGT-1","CD8 T"
"TCAGGTAAGACAGCTG-1","CD4 T"
"CTTGAAGCAACTTGGT-1","CD4 T"
"CAGCTGGAGAACAGGA-1","Mono"
"CTCTCAGTCGTTCTAT-1","CD4 T"
"CTTCTAATCTCCACTG-1","Mono"
"AGCCCGACAAAGCATA-1","Mono"
"GAGCGCTGTACTAGAA-1","CD4 T"
"GCGAGTCAGCACGTAG-1","CD4 T"
"CTCTCAGTCCATGACA-1","Mono"
"GTGCTGGTCCCGAAGC-1","CD8 T"
"CCGTGAGCATTGATGC-1","Mono"
"TTAGGTGAGGTACTCT-1","CD4 T"
"TTCATTGTCCCTACGT-1","CD4 T"
"TGCCTCAGTAACGGTG-1","CD4 T"
"ACTGCGGAGCCATCAT-1","CD4 T"
"GGTGTCGGTAGTGATA-1","CD4 T"
"GTCGTAATCACCGCGA-1","Mono"
"AAGGTTCAGGCACTAG-1","Mono"
"CAAGCTAGTCTAAGAA-1","Mono"
"GTAATCGTCCGCTCTA-1","Mono"
"ATCCTCGAGAATATCG-1","B"
"ACCCAAAGTAAGTCTC-1","CD4 T"
"GCAGCTGAGATGTTCC-1","Mono"
"TGCACCTTCCAATAGC-1","CD4 T"
"TGTGTCCCATTGTTCT-1","CD8 T"
"TTCTGTAAGCAATAAC-1","CD4 T"
"CTGAATGGTTTGCGAT-1","CD4 T"
"CCCACATAGCCTCGCA-1","B"
"GCCATAACAAGCCAGA-1","Mono"
"TCCAGAAGTTCTACCC-1","Mono"
"GTAGGAGTCCTGTGGG-1","Mono"
"AGCGATTAGTGTCACT-1","Mono"
"TCACAGAAGCAATGTA-1","Mono"
"TAACGGTGTTGGCGAA-1","CD8 T"
"TGCATTTAGTTTACGC-1","Mono"
"AAGGTTCTCCTAAGTG-1","CD4 T"
"CTGCTCAAGCTACGCC-1","Mono"
"GCTGTTCTCTACTGCC-1","Mono"
"TAGGTCAGTGCTTGAT-1","Mono"
"GCTTAAGTCGCTACCT-1","CD4 T"
"CGCAATATCCCAGCAG-1","Mono"
"GTGACATGTTTCTCTA-1","Mono"
"ACAGAAACATAGAATG-1","CD8 T"
"TAATTCCTCCAGGCCA-1","CD4 T"
"ATTGTCTTCACGATTG-1","Mono"
"GCTTAAGAGAACTCCT-1","Mono"
"TGCTATTGTCTAAGAA-1","B"
"AGTTACGGTAGAACGC-1","CD4 T"
"ATTGTGGCAATCATCG-1","B"
"TGCTATTCATGATCGT-1","Mono"
"TTGCGAAGTAAACGTA-1","CD8 T"
"AAATGAGTCTATCTTG-1","Mono"
"TGCCTCATCTACTTTG-1","Mono"
"CATTCCGGTATCTGCA-1","Mono"
"AACATCGCACGATTAC-1","CD4 T"
"AGCGATTCAACGCAAG-1","other T"
"CAGGGCTCAAGCACTT-1","Mono"
"AGCGTATAGCTATCCA-1","CD8 T"
"GAGGCTCAGCGATACG-1","Mono"
"TCTCTGGTCGGCTATA-1","NK"
"GGTGCTGGTTCTGAGT-1","Mono"
"AACATCGCAAGGGAGG-1","Mono"
"CAGGGCTAGCTTTCCC-1","Mono"
"GCTGAGCAGCGTCTGC-1","CD8 T"
"TGCGTAATCCCACTTG-1","CD8 T"
"TTACCCGTCGCCCTTA-1","CD4 T"
"GCTGAGCCACCACAGC-1","other T"
"TTGCGAACACTGCTTC-1","Mono"
"AGCCCGATCGATGAAA-1","CD4 T"
"AGCTGTAGTTTAGGAA-1","Mono"
"GCGTTGGCAGGTGGTA-1","B"
"ATAGTCGGTCTGATTG-1","NK"
"GTTGGTATCACAACAC-1","Mono"
"GTGGATTGTCTGGATT-1","Mono"
"CATGCCTGTTGGACGA-1","Mono"
"GCGCCAAGTTATCGAC-1","Mono"
"CACGTTCTCGATATGC-1","CD4 T"
"TGAGCCGGTGACAAGC-1","CD8 T"
"TGGAAGGTCCTTTGCG-1","Mono"
"GCGCATGAGGCATGCA-1","Mono"
"TATGTGGAGTGCTCGC-1","Mono"
"ACATGGTTCCTCAAGA-1","CD4 T"
"CACCACTAGGAAACTT-1","Mono"
"TCGGGACCACTGTTAG-1","CD4 T"
"TGGCCTTGTAGCAGGT-1","NK"
"ACATGGTTCGTAGCGC-1","NK"
"ACTACGAAGTGAACCG-1","CD4 T"
"AACGGGACAGCAACGA-1","NK"
"TTAACGGTCTCATATC-1","CD4 T"
"GCGAGTCGTTCTCGAA-1","CD4 T"
"TCCGACTCATTGTTCT-1","Mono"
"AGTCCGGCAAGCGGTA-1","Mono"
"GGAGAACGTCTGCGCA-1","CD4 T"
"TCAAAGCGTGATAGAT-1","B"
"AACCTTTCAGTTGCAT-1","Mono"
"GGCACGTGTATGTCCA-1","CD8 T"
"CTTCTAAGTCATAGCT-1","Mono"
"TATTGCTGTATTCACG-1","B"
"GTGTCCTCACTGAAGG-1","Mono"
"CATTCCGTCACGTGTA-1","CD4 T"
"GAAAGTAGTGTGTGCC-1","B"
"CGCAGGTTCCTTCGAC-1","B"
"ATTACCTGTCCGTAGC-1","CD8 T"
"CCGAAGCTCGCTCGGA-1","B"
"TCAAGACTCCAGGGAA-1","CD4 T"
"AAACTCGGTGAATGTA-1","Mono"
"AGGCGAATCGATTACG-1","other T"
"GCGGAAAAGTAGGAAG-1","CD4 T"
"TAATTCCGTACGGTTT-1","B"
"ACTGCAATCGCTACCT-1","other T"
"TTTGCGCAGACTCTTG-1","Mono"
"CCACGTTCATGATCGT-1","Mono"
"GGACACCGTAAGGTCG-1","Mono"
"TGCCTCAAGAGTCCGA-1","CD4 T"
"TACCTATAGCTACGCC-1","B"
"TAGCCGGTCGCGTTCT-1","Mono"
"AAGATAGGTACGCAAG-1","B"
"GTAGACTAGTGTAATG-1","CD4 T"
"TTACTCAGTGCCGGTT-1","CD4 T"
"GCTTTCGCATAGTCCA-1","CD4 T"
"GTCACAAAGATAGGTT-1","B"
"GCCCGAATCGGCTATA-1","CD4 T"
"ATTCGTTGTCTCGGGT-1","Mono"
"AGATAGATCGAGCGCT-1","CD8 T"
"TGTGGCGCATTGCACA-1","B"
"TACAGCAGTCCAGACC-1","CD4 T"
"ATTGTGGGTAAACGAT-1","CD4 T"
"TCGCAGGTCCGTGCAG-1","CD4 T"
"ATGTTTCGTAACCCAT-1","B"
"GTCACGGCATTAGCAC-1","Mono"
"GCGGGTTGTCCGAGCT-1","NK"
"CCTATTAGTGATGCTT-1","CD4 T"
"CATGTTTAGGCAAGCT-1","CD4 T"
"GTAGACTCAGGGTAAC-1","NK"
"ACCTGCTTCGTCCCAT-1","Mono"
"CGCTGGACACATCATG-1","CD4 T"
"CATGTTTCACAGTTAC-1","CD4 T"
"GTCGTAATCGTCCCTA-1","CD4 T"
"TGGTCAATCTAGCTGA-1","Mono"
"GTTGGTATCTATCTCA-1","CD4 T"
"GCGTTGGTCGATGCAT-1","Mono"
"GTCACCTAGTGAACCG-1","CD8 T"
"ACTGCGGTCTCTATTG-1","Mono"
"CACTGAACATGGTTTG-1","Mono"
"AACATCGTCCCGAAGC-1","Mono"
"TTCGGTCAGGTTCGAG-1","CD8 T"
"CAAGCTAAGAGTTTGA-1","Mono"
"TTCGGTCGTAGGTAAT-1","CD4 T"
"AGCTGTATCTTAAGCG-1","CD4 T"
"CAAGAAAGTATCCCTC-1","CD4 T"
"ATGTTTCGTGATAAGT-1","Mono"
"TCACTCGAGCTGATTC-1","B"
"ATCCCTGAGACCAATA-1","CD8 T"
"CAGCCTTAGTACAGTA-1","CD4 T"
"GCATTGACAAACCGAG-1","Mono"
"TTGGTCCTCCTCCCAA-1","Mono"
"GCCCAGAGTGTGAGGT-1","Mono"
"TCAGTTTAGTCAACTC-1","Mono"
"CGTGGCAGTGGACAGT-1","CD4 T"
"GTTATGGAGCGGACAT-1","CD8 T"
"ACAAACCTCGCAGATT-1","CD4 T"
"AACCGATGTGCTTCCT-1","CD8 T"
"TAGTCCCTCGGGATCC-1","B"
"CCTATTACATTAGCAC-1","Mono"
"TAAGCCATCTTCACTA-1","Mono"
"TAACAGCAGCTAACAA-1","CD4 T"
"ACTCGGGCATTCGTCC-1","Mono"
"CTGAATGTCGAAGCCC-1","Mono"
"TGCCTCAGTATTCTTC-1","CD8 T"
"GTCCATCTCATCGCTC-1","CD4 T"
"CTTAATCTCATGTTCT-1","B"
"GTGCACGCATCGACCG-1","Mono"
"TGAGCCGGTTACTTTC-1","Mono"
"CACCACTCAAGCGGTA-1","Mono"
"CTTCCAGTCGGTTGTA-1","B"
"CCTTGCAGTTCTGAAC-1","CD8 T"
"TGAGCCGGTCTTAGCA-1","CD4 T"
"GACTAGTGTCCAACCG-1","B"
"AACTGGTCAAGTCTCA-1","Mono"
"TTGTTGTTCATCGCCT-1","B"
"GCCATAAGTGAATGGC-1","Mono"
"TACGGATAGCGTGTTT-1","Mono"
"CACCTGTGTCGACTGC-1","other T"
"TAGGTCAAGCCTTTGA-1","Mono"
"ACTACGAAGTAACATG-1","CD4 T"
"CCAGATAGTTAAGTCC-1","CD4 T"
"GTGGCGTCAAGGAGGG-1","CD4 T"
"CATTGGATCGATATGC-1","Mono"
"CCAGATACATGACTGT-1","CD8 T"
"AAGATAGTCGCTATAG-1","CD4 T"
"ACCATCCCATGCCCTT-1","B"
"TTGCACCCATCCGTAA-1","CD4 T"
"CCTTAATCAATCCATG-1","Mono"
"GCAGATTAGGCCAATG-1","Mono"
"CTCAGAACAATGCCAT-1","CD4 T"
"AGCCGCAAGTCGTGAG-1","Mono"
"TGTGACACAGTTGCAT-1","CD8 T"
"TACGGATGTGAGGGTT-1","Mono"
"TACGGATCAAATAGTG-1","CD4 T"
"GGAGTAGTCCGTGCGA-1","NK"
"CTCCCAACAGGTGGTA-1","other T"
"ACTACCCCACGTGAAG-1","Mono"
"TTGCGGGAGTATAGTG-1","CD4 T"
"GGCACGTTCTATATCC-1","CD4 T"
"TTTGAGGGTAACACTC-1","Mono"
"TCACCTGAGCGTTAGG-1","CD8 T"
"AGACAAATCGACTGGC-1","CD8 T"
"TTACGGATCTCGCGTT-1","CD4 T"
"GTCTACCGTGACGCAA-1","CD4 T"
"GTGGATTCAGCTATAC-1","Mono"
"GGATGAGTCCTGGGAC-1","Mono"
"ATTACCTTCGATAGGG-1","Mono"
"GTTGGTAGTGCTAGTT-1","B"
"AACGTACGTTCCGGCA-1","CD4 T"
"CCGCATTTCCCGGGTA-1","Mono"
"ACCATCCCAAGTTGCT-1","Mono"
"TCAAAGCTCATGTTCT-1","CD8 T"
"TTACGTTCAAGCGTCC-1","Mono"
"GCCTACTGTACTTGAC-1","CD8 T"
"GTCACGGTCGTTACAG-1","Mono"
"ATAGTCGTCGATGTAC-1","CD4 T"
"TGATTTCCAAGGCGTA-1","Mono"
"CAATCCCGTAGAGAGA-1","Mono"
"GGAGAACAGTCGTATC-1","Mono"
"CGCTATCGTACAAGCG-1","Mono"
"TTGACGACATATAGAG-1","Mono"
"TCAGGGCTCGTCCCAT-1","Mono"
"CACCTGTTCCGGACTG-1","B"
"GCATTCCTCGCTTCAC-1","B"
"ACTTTCAGTCCAACCG-1","CD4 T"
"TTGCGAATCTGTTGCC-1","Mono"
"TTCTAACCAAGCCAGA-1","Mono"
"CCTGCTATCGGGAAAC-1","Mono"
"GCTCACTTCTTCCACG-1","CD4 T"
"GTACTTTCAGTAACGG-1","CD8 T"
"GCCAGACTCCGGAAAG-1","CD4 T"
"TCACAGAGTTTGCATG-1","CD8 T"
"GGATGAGTCGCAGATT-1","NK"
"GTGGCGTCATGACTGT-1","Mono"
"TTCGTTAGTAACGGAC-1","Mono"
"CCTATTAGTTCTACCC-1","Mono"
"CGCAATATCAATGCAC-1","Mono"
"TGTGACAGTGCATCAT-1","NK"
"GAACCGCGTCAACTAC-1","CD8 T"
"TTGCTTACATGGTAAA-1","Mono"
"GAGCATTTCCTGTAGA-1","CD8 T"
"CTTAATCAGATCCGAG-1","Mono"
"TTGTCTATCAGGCCGT-1","CD4 T"
"GTACTTTAGCCATCAT-1","Mono"
"CGTTCCACAGCAAACG-1","other T"
"TTACTCATCTCTGACC-1","B"
"AACGTACGTCGAGGAT-1","CD4 T"
"AATGTCGCAACGTACT-1","CD8 T"
"GAGGATGTCATGTTCT-1","CD4 T"
"CGGACCAGTCATTGGT-1","CD4 T"
"GTCACTCAGTCCTTCC-1","Mono"
"AACCGATGTCCCTAAA-1","CD4 T"
"GACCGACGTTCTACCC-1","Mono"
"AACGGGAAGTGAGCAC-1","CD8 T"
"AGCTGGCCATAGGCGA-1","CD4 T"
"CGCTGGAGTTCCCTTG-1","CD4 T"
"GTGCACGGTCAATCCA-1","DC"
"TGATGCATCACAGGGA-1","NK"
"AACGAGGGTTTGAAGA-1","Mono"
"AGCCTTCTCTCTATTG-1","B"
"CATTCCGCACTTATGG-1","B"
"GGTGCTGTCCAAGAGG-1","Mono"
"TGACTCCTCGTAGCGC-1","other"
"TACTGCCGTCTGCACG-1","CD8 T"
"GATCGTAAGTGCTCGC-1","CD4 T"
"GGTGAAGTCATTGCCC-1","B"
"TCAATTCTCCACGGCA-1","other T"
"CTGTATTTCCTGACCT-1","Mono"
"TCCCACATCATTCGGA-1","CD4 T"
"TTTGCGCGTTCTGATG-1","other T"
"GTCACTCGTACGTATC-1","CD8 T"
"GTTCAAGCACAGCCAC-1","NK"
"GCGGGTTGTACCGGCT-1","Mono"
"ACAGGCCGTGGACTGA-1","Mono"
"AGCCTTCAGAACGTTA-1","Mono"
"ATGTTTCCACTGGGCT-1","B"
"CACGTTCTCTGAGTCA-1","CD4 T"
"CTGCGTTTCTATTTCG-1","Mono"
"GCGAGAACATTAGCCA-1","CD4 T"
"ACCGAATTCACTGATG-1","Mono"
"CCCAGAGAGACTCTTG-1","NK"
"GCGTAGCTCGACTGGC-1","NK"
"AGTGTACAGATAGGTT-1","Mono"
"ACGTTAGGTGATAACA-1","Mono"
"ACAAACCTCTTCACTA-1","NK"
"CGTAAACAGGTACACG-1","CD4 T"
"TGCATGATCGTCGCAG-1","Mono"
"TACATGGCACGCGTTG-1","Mono"
"TTACCGCCACCAAGGA-1","CD4 T"
"GCTTGCTAGTCTTAGC-1","CD8 T"
"CATTGGATCGGTACTA-1","CD8 T"
"AAACGAACAGTTGGAG-1","CD8 T"
"TTGAGTGTCATGAACC-1","Mono"
"TTCGCGTTCAAGGCCC-1","CD8 T"
"TATCGAGAGGACCGAT-1","Mono"
"CACATGAGTAGAGAGA-1","CD4 T"
"GTCACAACAGCGTCGT-1","other T"
"GTCGTAATCCTCAAGA-1","NK"
"AGTGTACGTAACGGCA-1","Mono"
"GTTGGTACAAAGGTCG-1","CD8 T"
"AACCTGATCGTCTTAT-1","Mono"
"TATCTGTAGTGTAATG-1","Mono"
"ATCCTGCAGGTTGACG-1","Mono"
"GCATGATAGATCTAAG-1","CD4 T"
"GCCTACTCATCGCCTT-1","CD8 T"
"GATGGCCTCCAGCACG-1","CD8 T"
"GATGATCGTCAACTGT-1","Mono"
"CAACGGCGTGTGACCC-1","CD4 T"
"TTATGTCTCTGAGTAC-1","Mono"
"GATCGTAGTAAGCCGA-1","CD4 T"
"AGTTACGGTATATGGA-1","CD8 T"
"ACTACCCGTGCCCAGT-1","Mono"
"TACCCTGAGGTCTTGT-1","CD4 T"
"TGCTTCGCATCCCAAA-1","CD8 T"
"TGTAAGCAGTGTTCCA-1","Mono"
"CCCTAACGTAATGCCT-1","CD4 T"
"CCGTGAGCATTCGTCC-1","Mono"
"GCGGTGTGTTTGTAGC-1","B"
"CCAGATACAAAGAGAG-1","CD8 T"
"GATTGACTCAAAGTAG-1","B"
"CTACTTAAGAGTCCGA-1","CD8 T"
"GGTGCTGCACCACAGC-1","Mono"
"ACTACGACACCTATTT-1","Mono"
"CGCTGGAAGTGAGTGC-1","CD4 T"
"TGGGTGCAGTACAGTA-1","Mono"
"GAATCTGTCCGGGCAT-1","Mono"
"TCAGCTCCATAGAATG-1","NK"
"CGATGATGTAAGCCGA-1","Mono"
"GCATTCCGTAGCCATT-1","CD4 T"
"TTACTCATCAGTGTAC-1","CD4 T"
"AACATCGTCCAACCTC-1","CD4 T"
"GCGCCAAGTAGAACGC-1","Mono"
"ACTATTCGTGGATTCT-1","NK"
"CCTTAATTCGATAGGG-1","CD4 T"
"GTACTTTTCCATACCC-1","NK"
"TCACAAGTCATTGCCC-1","CD4 T"
"TATGTGGGTTACTTTC-1","CD4 T"
"GAGATTCTCATCGCCT-1","CD4 T"
"AAGGAGCGTCGCGCTA-1","CD4 T"
"CCACGTTGTAATGCCT-1","Mono"
"GGACACCCAACTCGAT-1","CD4 T"
"GAACCTATCGCCACTT-1","CD4 T"
"TACATTCCATGCGACC-1","Mono"
"CCTCCCTTCTCTTCTC-1","other T"
"GCGGTGTCAATAGTGA-1","B"
"ATCCTGCCACCTGTGG-1","Mono"
"GGTCATACATCGTGAT-1","Mono"
"TACAGCATCGCTTACC-1","Mono"
"TAGCCCTTCTACCCGT-1","NK"
"TGGTCAAGTTCTGAGT-1","Mono"
"GCTCACTCACACATTG-1","CD8 T"
"GCACCTTAGGACTAGC-1","CD4 T"
"CAGCTGGGTTGTGAGG-1","B"
"CTCTCGAAGCTATCGT-1","CD8 T"
"TTACCGCGTGAATACA-1","CD4 T"
"TAGCACATCTTCTTCC-1","CD4 T"
"TTGCTTACACTCAAGT-1","CD8 T"
"GAGGATGCACAAACAA-1","CD4 T"
"CAGTGTAGTGTCTACA-1","Mono"
"GTGACATCATTACTTC-1","B"
"ACCGCAGAGTAATGTG-1","CD4 T"
"GTTATTCGTACCTATG-1","Mono"
"GATTAGCCAGATAAGT-1","Mono"
"GGCGTTGCACACACAT-1","CD4 T"
"TTGCTTACAATGCACT-1","B"
"CATGCCTAGAATCAAC-1","Mono"
"GTAATCGCAATTCGTG-1","CD8 T"
"CTACAGAGTCACTCTC-1","Mono"
"ACCTGCTTCTATATCC-1","Mono"
"TACAGCACACTGTTAG-1","CD4 T"
"GCCAGACAGGTGAACC-1","CD4 T"
"TAACAGCGTGCACCCA-1","NK"
"AAACTGCGTTTCGATG-1","Mono"
"TTGACGACATTCTTTG-1","Mono"
"GGAGGATTCTTAACGG-1","Mono"
"CCTTGGTAGGCGTCCT-1","Mono"
"GGAGAACAGCTATCCA-1","B"
"GAGGATGTCGCTACCT-1","Mono"
"GTGGCGTTCACTCGGG-1","Mono"
"GGCGTTGAGTAGACCG-1","CD8 T"
"AGCCAGCAGATCCGAG-1","Mono"
"GGAACCCGTGATCAGG-1","CD8 T"
"TTGTTCATCTTGCGCT-1","CD8 T"
"ACAGGCCCAAGTAATG-1","CD4 T"
"TACTCGCCAGGTAGGT-1","Mono"
"CGTGGCAGTAGTATCC-1","Mono"
"TCAGGGCAGGGCATTG-1","CD4 T"
"AAGATAGGTTTAGACC-1","CD4 T"
"AACAAAGAGGACCGAT-1","Mono"
"GAACCTACACTACACA-1","CD8 T"
"GCACGCATCAGGCGCT-1","CD4 T"
"ATGGATCAGTCTGTGT-1","B"
"AGCGATTCAATGCACT-1","Mono"
"TTGCTTAAGGAATGGA-1","Mono"
"TCAGCTCCACGTACAT-1","CD4 T"
"CCGTACTAGTCTGCTA-1","CD8 T"
"TGGGTGCTCTCCTTAA-1","B"
"AGTGCGCCAAGCTTTG-1","Mono"
"TCAGTCCAGGCCAGTA-1","Mono"
"GCAGCTGGTAAAGCTA-1","CD8 T"
"CGGTGCAGTGCTGTGC-1","CD4 T"
"GTTACGAAGAAATACC-1","other T"
"CTGTTCGCAATTCGTG-1","other T"
"TGATTTCCAGGTAGCA-1","Mono"
"CGCACAGGTCAACGGA-1","CD4 T"
"TACGCCTTCGGTACTA-1","Mono"
"TAGGTGTTCAGGCCGT-1","CD8 T"
"TCAATTCGTAAAGGCC-1","Mono"
"TGCGTAATCTACATCT-1","Mono"
"CTCTCGACAGAATGCG-1","CD4 T"
"TTAACGGTCTGGTACA-1","CD4 T"
"ACAGACTTCTTGTGCC-1","Mono"
"CTCAGCTGTTCTGATG-1","CD4 T"
"TACGGATTCGCGGCAT-1","B"
"GGGAACAAGTAGCAAT-1","CD4 T"
"TCAGGGCTCCGGCTGA-1","Mono"
"CACGTTCTCTTACGGA-1","CD8 T"
"GCGATCGAGACTAATG-1","CD8 T"
"CCGAAGCCACATAAAG-1","CD4 T"
"ATGTACGAGCTATCCA-1","CD8 T"
"TCCGACTGTCATAGCT-1","CD8 T"
"TTAGCGAAGGCTGGAT-1","NK"
"CCCTGATAGAGGAATG-1","Mono"
"CTGGGACTCGTCCCTA-1","Mono"
"GAAGTCTTCCGGAAAG-1","Mono"
"AGCGTATCACCACGAC-1","Mono"
"CTCGCTAGTGCGTCCA-1","Mono"
"CTACAGACACATGATC-1","CD4 T"
"TTGCCCAAGTTCCAGT-1","CD4 T"
"CAAAGCTAGTGAATAC-1","Mono"
"CAAGGCCTCCTATCCG-1","B"
"GCGAGAAGTCAGCTTA-1","Mono"
"GAGTGAGCAAAGCTTC-1","CD4 T"
"CTTGTCGCAGGCATCC-1","CD4 T"
"GATTGACTCACTTACT-1","Mono"
"GTAGACTGTACTTCGA-1","CD8 T"
"TGCCTGTGTCTAACCA-1","Mono"
"TACTAGGGTAGAAAGG-1","other T"
"TAGACTGCAACGCAAG-1","CD4 T"
"CTAGCGGGTTCAGTAC-1","Mono"
"ACATGGTGTCTCTAAG-1","Mono"
"GCAGCTGTCCATTGTT-1","CD8 T"
"GTTCAAGCATCTGCAA-1","CD8 T"
"AGCCTGGAGTCTCCAA-1","CD4 T"
"TTGCACCTCGGACGAA-1","CD4 T"
"CCAGAATGTAACCATC-1","CD4 T"
"GTCTACCCAACGCACC-1","B"
"ACCTGCTGTTACCCAA-1","CD4 T"
"ACTGCAAGTGATAACA-1","CD4 T"
"GCGCCAAGTTTAGAAG-1","CD4 T"
"CTAACTTTCTCGTGAA-1","Mono"
"CTCTACGTCATGCTTT-1","other T"
"CTTGCCAAGTGAAGGA-1","CD4 T"
"TTGCACCTCACTAGGT-1","CD8 T"
"CTTGAAGAGCTATCCA-1","Mono"
"TAGCTTTAGGAGTCTG-1","Mono"
"GTGTGATGTGTCGTCG-1","Mono"
"CTACTTACACGCTGTG-1","Mono"
"ATGTACGTCAAACCAC-1","CD4 T"
"TGATCAGGTTCCAATG-1","CD4 T"
"CTCAACCTCCACGCTT-1","CD4 T"
"TTGGTCCCACGCTGTG-1","Mono"
"TCTATTGTCATTCTTG-1","Mono"
"AGTCAACGTCACTCTC-1","CD4 T"
"TTACCCGGTAGCAGGT-1","CD8 T"
"GACCGACTCGCTATTT-1","Mono"
"AACTGTGAGTAGCAAT-1","Mono"
"GTGTCAAGTGCTTCCT-1","Mono"
"ACATGCAGTAGTAACA-1","CD4 T"
"GTTCAAGCATAGCCAT-1","CD4 T"
"AGGCGAAGTCTGGTTA-1","CD8 T"
"AGCCTGGGTATTCGCA-1","Mono"
"GCAGCCAAGCAGAATT-1","Mono"
"GCGGAAACATGGCCCA-1","CD4 T"
"GCGTTGGCACAGTAGG-1","DC"
"TTTGGCCCATAAAGTG-1","CD8 T"
"ATCGAGTGTATCCTTT-1","CD4 T"
"GCCCGAACAATAGCGG-1","Mono"
"CAGCCTTAGTTAGCAA-1","CD4 T"
"GACTAGTCAGTATACC-1","CD8 T"
"AATACGCAGTAGTTCC-1","Mono"
"TGCTCACCACCGTTGG-1","Mono"
"CGGACCAGTACCAAGG-1","NK"
"AAACGAATCCATACCC-1","CD4 T"
"ATCCTCGGTTTAGAAG-1","Mono"
"TCAAGCAAGGAGACTC-1","CD4 T"
"ACCGGGTCACTCGCAG-1","Mono"
"TTACGTTAGAGATTAC-1","CD8 T"
"GAAGAGCGTAACCCAT-1","CD4 T"
"AACGAGGTCCTATCAT-1","NK"
"TGAGTCAAGGACCGAT-1","Mono"
"GCACGGTGTACGGTTT-1","CD4 T"
"AACATCGAGTCGAGCA-1","NK"
"TAATTCCCATTGTGAC-1","CD4 T"
"GAAGTCTTCGGATAGG-1","CD4 T"
"TTAGCTTTCGGTACTA-1","NK"
"TATCTGTGTAGGTCTT-1","Mono"
"CACAACATCACATTCT-1","Mono"
"CTAGGGCCATTTAGGC-1","Mono"
"TTCGATTTCCTCCTGA-1","CD4 T"
"TACGCAAAGGTCGGTA-1","CD4 T"
"TAATTCCGTCAGCTTA-1","CD4 T"
"CAGCCTTTCAGGTCTA-1","CD4 T"
"TCAGTCCCAACAAACA-1","Mono"
"ACGGATTTCGACTGGC-1","Mono"
"CTTGCCAGTTGAAGCG-1","NK"
"GTAGACTTCAGTGTAC-1","CD8 T"
"GTTACTTGTGCCCAGT-1","other T"
"ACAGACTAGCGGACAT-1","CD4 T"
"CAAGAAAAGTGCAACG-1","CD8 T"
"GAGAACGAGGCGCTTC-1","CD4 T"
"AGTGCGCCATTTAGGC-1","Mono"
"GTTCAAGCAGTTACAC-1","CD4 T"
"TTGCTTACACCTATTT-1","CD8 T"
"GCGTTGGCACGATTAC-1","B"
"GTAATCGGTTTAAGCC-1","B"
"ATGCATGGTCATAAGA-1","CD4 T"
"GCTTAAGCACAGCTTA-1","CD8 T"
"GAACCTAGTAACAATG-1","CD4 T"
"GGTAGGAGTTGTGACT-1","Mono"
"TTAGCTTAGAGAATTC-1","CD4 T"
"GATCGTACAATGTGCT-1","Mono"
"TCCATCGTCTTCTCTC-1","Mono"
"GCTTAAGAGAGCGAAA-1","CD4 T"
"AGCCTCTTCTTCACTA-1","CD8 T"
"GAAGTCTAGGCGACTA-1","CD4 T"
"AACCTTTTCCGGCTGA-1","B"
"AAATGAGGTTCTGAAC-1","Mono"
"AGTGCCGTCCCTACCA-1","CD4 T"
"TACGCCTGTTTCCGGG-1","CD8 T"
"GCTCGAGAGCGTAGCA-1","Mono"
"AATACGCTCGGTTGTA-1","Mono"
"TCAGTCCAGTACAGAT-1","CD4 T"
"TCTCTGGCAACTACTG-1","CD4 T"
"TTCATTGGTGAGTAAT-1","Mono"
"TCTCTGGCACAGCCAC-1","NK"
"AATGTCGCAAGAGCGT-1","NK"
"ACAGGCCTCATCGCAA-1","other T"
"TAGCATGGTTGCTTGA-1","Mono"
"AACCTTTGTGCCAAGA-1","CD8 T"
"CAAGAAATCGATATGC-1","CD4 T"
"ACAATCGGTGCAAGAC-1","CD4 T"
"GAAGTCTCACTTTGGA-1","CD4 T"
"CAAGGCCCAAGTGGCA-1","CD4 T"
"AAAGGGCCACATTCTT-1","CD4 T"
"CCCGTTACAAGCGAAC-1","Mono"
"GGAACCCCACGCGACT-1","CD4 T"
"TGATCAGCAGGCATCC-1","B"
"CATTCATGTACTTGAC-1","CD8 T"
"TTGAGTGGTTTCACCC-1","CD8 T"
"ACTGTCCTCCTAAGTG-1","Mono"
"GCAGATTAGAGGTCCA-1","B"
"TATTGCTTCTCCCTTT-1","Mono"
"TTTGGCCTCGAGGTAG-1","B"
"AACGTACCACATAAAG-1","Mono"
"ATAGTCGTCACATTCT-1","Mono"
"ATCGAGTAGTACAACA-1","Mono"
"TTGAGTGGTGCCCGAT-1","Mono"
"GAAGTCTAGCCTGTAT-1","CD8 T"
"CCTGGGAGTGGCATAG-1","B"
"AAAGGATTCGCTAGTA-1","Mono"
"TGGGTTAGTGGCCTTG-1","CD4 T"
"TTTGTGTTCGCACAAT-1","CD4 T"
"TGGTCCTAGGCAATTA-1","Mono"
"CTTCCAGCAAGATTAG-1","Mono"
"CGCAATAAGAACCATA-1","Mono"
"CCCTAACGTCGACTGC-1","Mono"
"GCGAGAACACAGTTAC-1","CD4 T"
"ACTAGGTCAAACCCTA-1","CD4 T"
"CTTGTCGCAAAGCTTC-1","Mono"
"GAGGTCCTCTCTGCAC-1","Mono"
"GCAGCCACATCGCTAA-1","Mono"
"AGGCGAACATTCTCGC-1","CD4 T"
"TAGCACAAGCGTGTTT-1","NK"
"TCCAGAATCCGGACTG-1","CD4 T"
"CCGCATTTCCATACCC-1","Mono"
"GAGCATTAGCAGTAGC-1","B"
"TGCATGAAGTTGCGCC-1","Mono"
"TAAGCCAGTGCAAGAC-1","Mono"
"ACTTTCAGTTAACTCG-1","CD4 T"
"CCAATGAGTGTCCCAG-1","B"
"AACCAACAGTCTCTAG-1","Mono"
"ACTAGGTCACCACGAC-1","NK"
"GCTTGCTTCTGTAGAC-1","CD8 T"
"CTTAATCGTACGTATC-1","CD8 T"
"ATGTTTCGTGACGCAA-1","B"
"GTGTGATTCGCACCTT-1","B"
"AGATAGATCCTTTGCG-1","CD8 T"
"GCCCGAATCCATGACA-1","Mono"
"TCTATTGTCGTCTTAT-1","CD4 T"
"AGCTGTACAATTCTCT-1","CD4 T"
"AGTGCGCCACATATCG-1","CD4 T"
"TAAGTGCTCTGGAAGG-1","Mono"
"TAATCGGTCCTCAAGA-1","Mono"
"TTATGTCCAAAGCTTC-1","CD8 T"
"TCACAGACAGGTCCTG-1","CD4 T"
"TTTGCGCGTTGGCTAT-1","CD4 T"
"TCCAGAAAGATGAGGA-1","CD4 T"
"TATCGAGGTGCAGACA-1","CD4 T"
"GGAACTTTCGCACCTT-1","B"
"AAACTCGTCGAGGTAG-1","CD8 T"
"TGCGTAAGTAGCATGG-1","other T"
"CTCTACGAGCTATCCA-1","Mono"
"CAAAGCTGTTGGCTTA-1","Mono"
"GGGTGTCAGCTGATTC-1","Mono"
"TTGTCTAAGTGAACCG-1","CD4 T"
"TAAGCCATCCATAACG-1","CD4 T"
"TACCCTGTCCAGTACA-1","CD4 T"
"CCAGATACAATTCGTG-1","CD8 T"
"ACATGGTGTGATAGAT-1","other T"
"TACTCGCCATTAACGC-1","NK"
"AGATTCGTCAACGTGT-1","CD4 T"
"GGGTTATCACCAAGGA-1","other T"
"GCCCAGATCCCGGGTA-1","CD4 T"
"ATCCCTGCAAGGTCGA-1","Mono"
"GAGATTCAGCCAGAAC-1","Mono"
"TTGAGTGTCCGGCTGA-1","other T"
"AGTTACGGTGAGTTGG-1","B"
"CTCAACCAGCGCGTTC-1","B"
"TCCAGAATCGCTCTAC-1","Mono"
"ACTGCGGAGAACGCCA-1","Mono"
"CAGTGTATCAAGGCCC-1","CD4 T"
"GGTTGCGGTGCAACAG-1","other"
"GCTGAGCTCTCCCTTT-1","CD8 T"
"GTCGTAATCGCACCTT-1","Mono"
"CTCTAGCAGATACCAA-1","CD4 T"
"CGCGCAAAGGTACATA-1","NK"
"TTGTCTAAGGTTGTGG-1","Mono"
"GGGACCTCAAGACTAA-1","CD4 T"
"CCTTGCAGTGAATGGC-1","Mono"
"GCACGGTTCGAGCGCT-1","Mono"
"CTGCTCACACGCGATC-1","B"
"GGAGAACCATATTGGC-1","B"
"GTGTCAAGTTATAGAG-1","CD4 T"
"GATTGACTCCAGGTAT-1","CD4 T"
"TTACTTGCAATGCACT-1","Mono"
"TTCTGTACAGAAAGAG-1","CD4 T"
"GCACCTTTCATCGCCT-1","B"
"CTTGCTGTCATTGCCC-1","CD8 T"
"GTCTACCAGCAGTAGC-1","CD4 T"
"TGGCCTTTCTTTATCG-1","CD4 T"
"CAAAGCTGTTCTGATG-1","CD8 T"
"CGCTGGACAAAGCTTC-1","Mono"
"ACTTTCAAGTATACGA-1","Mono"
"ACTTCCGTCCGAGGAA-1","Mono"
"CGTACAAAGCCAGAAC-1","CD8 T"
"AAAGATGGTGCAACAG-1","Mono"
"TGTGGCGAGTTACCAC-1","NK"
"AGTGTACTCGTGTGCG-1","B"
"TCAGGGCTCCGGACTG-1","NK"
"AGGCGTCAGGCAAGCT-1","Mono"
"AGCCTCTGTACAACGG-1","NK"
"CACTGAACACAGAAGC-1","Mono"
"ACTGTCCCATGTCCCT-1","Mono"
"TTGAGCACAGATGGCA-1","Mono"
"CACTGAAAGTTAGCGG-1","NK"
"GCGAGTCCATAGCCGC-1","Mono"
"CATAACGAGGGAGATA-1","CD4 T"
"TCAAGGTAGTGTCGGA-1","CD4 T"
"TTACTTGAGTCCCTCT-1","Mono"
"ATTGTCTAGCAGTAGC-1","Mono"
"TGAATCGAGACTTGAA-1","NK"
"AACTTGGGTCTGGTTA-1","Mono"
"TGTAAGCCACCATTCC-1","CD4 T"
"AACTTGGCAAGGAACC-1","CD4 T"
"GTGTGATCACTGATAC-1","B"
"AGTCCGGTCGCGTGAC-1","B"
"CCTATTATCGTAGCGC-1","CD4 T"
"AGTGTACTCCGTTAGA-1","Mono"
"CATTCCGGTGATAACA-1","CD4 T"
"TTTGAGGAGAGGTGGG-1","CD8 T"
"ACGTGGCGTCTGGTCG-1","Mono"
"GCGAGAACATTGCGAT-1","NK"
"GGGCCATAGTGTAATG-1","Mono"
"GGAGGATGTGGCCTCA-1","NK"
"TTCTGTACAAGAGCGT-1","Mono"
"AGTGCCGGTCTGATTG-1","NK"
"ACCCAAAGTCTCTAAG-1","Mono"
"ACCATCCAGGCTCAGA-1","Mono"
"ACCAAACCACAATAAG-1","Mono"
"AGTCCGGAGTATACCC-1","Mono"
"ATTGTCTGTGATCAGG-1","CD4 T"
"CTTAATCAGTGTAATG-1","B"
"GACCAATAGTGAGTTA-1","CD4 T"
"GACCAATCAAATAGTG-1","other T"
"ACTCGGGAGTCCCGCA-1","CD8 T"
"ACTGCAAGTATGGGTG-1","CD8 T"
"GCATTGAAGATGTTGA-1","CD8 T"
"GCCCAGACAACGGGTA-1","NK"
"AGCTGATCAACAACTC-1","CD4 T"
"TTCGTTACATATTGGC-1","CD8 T"
"AGCCTCTCAGTATCTG-1","CD4 T"
"TTGCACCCATTCACGA-1","Mono"
"GATTAGCCATCATCGA-1","CD4 T"
"GTTATTCGTTCAGTAC-1","Mono"
"AATGCCATCAAAGTAG-1","Mono"
"TAGTCCCCATGGGTGA-1","Mono"
"GTCACTCTCTCTGCGT-1","NK"
"TCACAGAGTGTCCCAG-1","Mono"
"GCACGCACATGTATCG-1","Mono"
"CTCGCTATCTAGCTGA-1","Mono"
"TACGGATCAGTAGTTC-1","CD8 T"
"TGTGACAGTTACTTTC-1","other T"
"TCAGTTTGTCAGCTTA-1","CD8 T"
"TCCGACTCAGGTGTCC-1","Mono"
"CCCTAACTCCGCTCTA-1","CD4 T"
"AGACAAAGTGGACCAA-1","Mono"
"AACCGATAGTGAATAC-1","Mono"
"CTACAGAAGCGGACAT-1","Mono"
"AGGCCTGAGGAGGCGA-1","Mono"
"TAGGTGTTCCGGGCAT-1","Mono"
"CAAAGCTAGTGCTAGG-1","Mono"
"CCCAGAGCATGGATGG-1","Mono"
"GTCACAATCAGGAAGC-1","Mono"
"ATTGTGGAGATCTAAG-1","CD8 T"
"GCCAGACAGTTGCGCC-1","Mono"
"TTATGTCTCTTCACTA-1","Mono"
"TTCTGTACAAGACACG-1","CD4 T"
"CAACGTATCCGGAAAG-1","Mono"
"CCAATGATCACATCCC-1","Mono"
"GACCGACCAGGCACAA-1","Mono"
"CTCTAGCGTTCTCGAA-1","Mono"
"GATGATCTCTACCCGT-1","CD4 T"
"TCCGACTCAGAGAGAA-1","CD8 T"
"TCAAGACAGAATACTG-1","CD8 T"
"GTCCATCGTTTCGACA-1","other T"
"GCTTAAGCATCGAGTT-1","CD4 T"
"CTTCCAGGTGAATCAA-1","CD4 T"
"CCTAAAGTCACTGATG-1","CD4 T"
"TCCATCGTCTGGCTAA-1","CD4 T"
"AGGACGAAGAGCGAAA-1","Mono"
"GTCACTCTCGATTACG-1","CD8 T"
"TGCTCGTTCTATACCT-1","CD8 T"
"GGCATTAGTTATAGAG-1","Mono"
"GAAATGACAAGCGTCC-1","CD4 T"
"CGTTCCATCTGAGTCA-1","NK"
"TGCCTCAAGTATGCTC-1","Mono"
"TGTGTCCCAAGCGGTA-1","other T"
"ACTACGACATTACCTT-1","CD8 T"
"CCAATGAGTATCATGC-1","CD4 T"
"TCGATTTCAATCACTG-1","Mono"
"CACAGATTCGTAGCGC-1","Mono"
"GGAGAACGTACGAGAC-1","Mono"
"GTGACATCAAACTACC-1","NK"
"TAGACTGAGGATGCCA-1","Mono"
"CTCTACGGTTACGAAA-1","B"
"TTTGTGTTCCACGGCA-1","CD4 T"
"CTGAATGGTCTGGTCG-1","B"
"TCTATTGCAAGGATGC-1","B"
"GGATAGGTCACTACCC-1","CD8 T"
"TTGTTGTTCCATGTTT-1","Mono"
"TGGCAATGTAATGCAA-1","Mono"
"GAAGAGCCACTGTCAA-1","CD4 T"
"TCACCACTCAAAGTAG-1","CD4 T"
"ACCGGGTAGATGGCAC-1","CD8 T"
"CAGCTAACAATCCATG-1","CD4 T"
"TGTGTCCCAACATAAG-1","CD4 T"
"GCATGATGTCAGTGTT-1","CD4 T"
"TAGACTGGTTTCGACA-1","Mono"
"GATCGTATCTGAAAGA-1","CD4 T"
"GTCACCTAGAACTCCT-1","CD4 T"
"AAACGAATCATTCGGA-1","CD4 T"
"TTACTCAAGTCGTACT-1","CD4 T"
"GCTTTCGAGGTAAGTT-1","CD8 T"
"TCACTCGTCCATGTTT-1","B"
"TTGCTATCAACGGACA-1","CD8 T"
"GCGATTAGTAGGTGAC-1","CD8 T"
"GCATGATGTTCAGTTG-1","Mono"
"CAGCCTTAGTAGAAGG-1","NK"
"ATCCCTGGTATTCGAC-1","NK"
"TTCTAACCAGGTAGCA-1","Mono"
"GTGGATTAGTGGACGT-1","Mono"
"CGTTCCAGTGGCATAG-1","CD8 T"
"ACTCGGGAGTCTAGAA-1","Mono"
"TGTTAGGAGGCAAGCT-1","Mono"
"GGATAGGAGCCTATAC-1","CD4 T"
"TGGGTGCCAGGCAGAT-1","Mono"
"TTGCGAATCGAGTTAC-1","Mono"
"GCCCAGACATATACGC-1","Mono"
"GCTCCTAGTAGGTGAC-1","CD4 T"
"TCAGGGCCAGTTCGGC-1","NK"
"CATGTTTCACGGTTAT-1","CD4 T"
"TCGCCTATCCGCCTAT-1","CD4 T"
"TGCACCTGTTTCACCC-1","Mono"
"CCTATTACAGTGCGAA-1","Mono"
"GTGATCACACCTGTGG-1","Mono"
"GAGGATGTCTGAGTCA-1","NK"
"ACCCAAACAAAGAAGG-1","B"
"TACTGCCAGTGAGTGC-1","Mono"
"AAACTCGCAGTAGTTC-1","B"
"ATAGGCTCAAGAGATT-1","CD4 T"
"TTACTTGCAGTAGGCA-1","Mono"
"GCACGGTGTTAACTCG-1","DC"
"GAGGTCCGTATACGCT-1","CD4 T"
"CGCTATCCATGATTGC-1","B"
"GAAACAACAAGTCTCA-1","CD4 T"
"CCACAGGAGACCTATC-1","CD8 T"
"TTGTCTATCTGGCTAA-1","Mono"
"AACAAAGTCCGGAAAG-1","Mono"
"TTAACGGCAAGACACG-1","B"
"GAACCGCGTCTGTTGA-1","CD4 T"
"TGCTATTGTAACCATC-1","CD4 T"
"TTCATTGGTTTCCACC-1","Mono"
"GGCATTATCAATCGTG-1","B"
"ATCCCTGGTGCATTGT-1","CD4 T"
"CCCTAGTAGAGTTCGG-1","CD4 T"
"TGGCCTTAGCTGATTC-1","CD4 T"
"GCGGTGTTCGATGAAA-1","Mono"
"TTGAGTGGTGCAAGCA-1","Mono"
"TCGGGACTCTTAATCC-1","Mono"
"TGCTCGTTCACAACAC-1","CD8 T"
"TTATGTCTCCTCCAGT-1","NK"
"TGTGTCCGTCAGAAGC-1","CD4 T"
"AGATAGACATTGTGAC-1","Mono"
"AGCTATGTCCAAACCA-1","B"
"GTCACAACATGGCCTG-1","CD4 T"
"TAGCTTTGTAGTACAA-1","CD4 T"
"CGGACTGGTCTGGATT-1","CD8 T"
"CCTGCTAGTGGTGGTA-1","Mono"
"GTGTGATCATAGTCCA-1","CD8 T"
"AACCTGAGTTGAATAG-1","B"
"GCCATAACACCCTTTG-1","CD4 T"
"CTTGTCGCAGAGTCGA-1","B"
"TTGTTCAAGCAGAGCT-1","CD4 T"
"CTCTCAGTCCGCGATG-1","CD4 T"
"GATGATCAGGAGTAGA-1","CD4 T"
"TCAAGCACATACCCGG-1","Mono"
"AGTGCCGTCTACATCT-1","NK"
"GCGAGTCGTTAGAGAT-1","Mono"
"GTTCAAGGTCACCGCA-1","CD4 T"
"TTGAGTGTCGTTCCGT-1","CD4 T"
"ACAGACTCAAGACACG-1","CD4 T"
"TTTGTGTAGGCTTAAA-1","B"
"TTGTCTAGTTCTCGAA-1","B"
"TTAACGGCATTTGGTG-1","Mono"
"TTCGTTAAGTGCTAGG-1","Mono"
"AGTGCGCCACGTTGTA-1","NK"
"CGAGTTAAGCAGAAAG-1","CD4 T"
"AGCTGGCTCACATCCC-1","Mono"
"TCACCTGGTATGAAGT-1","Mono"
"CTACTTATCCTGGGAC-1","B"
"TGATGCACACTTGCGG-1","Mono"
"TTCATCAAGACCATAA-1","Mono"
"GACTAGTAGTCGCCTG-1","Mono"
"TTACCGCGTAGTATCC-1","CD4 T"
"ACCGGGTGTGATTCCA-1","CD4 T"
"TAGCGGCGTTCTGAAC-1","Mono"
"AACGGGACAAACAGTA-1","Mono"
"CAGTGTAAGCGGACTA-1","CD8 T"
"TTGTTCACAGGCTACC-1","CD4 T"
"GGAGGATAGATGTTGA-1","Mono"
"TGGCGCAAGGTCCTCG-1","Mono"
"CTACAGAGTATTCTTC-1","CD4 T"
"GCGGTGTAGTCCCTCT-1","Mono"
"AGCGTATTCGATCTTT-1","Mono"
"GCGCCAATCAAACCCA-1","Mono"
"GTAATCGTCCATCATT-1","Mono"
"GCTCAGGGTGGACCAA-1","Mono"
"TGAGTCATCCGTGCGA-1","Mono"
"CGCTAGGTCTCGTAGA-1","Mono"
"CTTCTAAAGCGCATTT-1","CD4 T"
"CAAAGCTAGCTGAGGT-1","CD8 T"
"TGATCAGTCTCGCGTT-1","CD4 T"
"AAAGGATTCCATGTTT-1","Mono"
"TGCATTTGTTAGAGAT-1","Mono"
"TTGTTCACATCAGAAA-1","CD8 T"
"GCGTTGGAGATTGACA-1","Mono"
"TCACAAGCAAGCGTCC-1","CD4 T"
"TGCGTAAAGTCGATAA-1","B"
"GCCTACTCACACTAGT-1","CD4 T"
"GGATAGGGTAAGCCGA-1","Mono"
"TTGCAGAGTAGGGTCA-1","B"
"GTTACGACAGAAGTGC-1","Mono"
"AACAAAGGTAACACTC-1","B"
"TGATCAGTCCAGGTAT-1","NK"
"ACTTTCACATACCCGG-1","NK"
"CACCTTGGTCCGGTAC-1","Mono"
"TCTCTGGTCGACTATG-1","CD4 T"
"CGTAAACCAATGGTCT-1","CD4 T"
"CTCACCATCGTGTGCG-1","Mono"
"TTTACGTTCCAGTTAG-1","B"
"GCCCAGATCGGATAGG-1","CD4 T"
"GGCGAAACAAGCCCTG-1","CD8 T"
"TAATTCCTCAGTGTGT-1","NK"
"ACCGCAGAGGCACCTC-1","B"
"TTACTCAAGTCGCCTG-1","CD8 T"
"GCTTGCTCAAGGCGTA-1","CD4 T"
"TATCTGTAGTACTCTG-1","CD8 T"
"TGTAAGCAGACTAGGC-1","CD8 T"
"AACTTGGAGCTCCATA-1","B"
"GAAGTCTAGACTTGAA-1","CD4 T"
"CCTATTAAGAAATACC-1","CD4 T"
"GATGGCCAGCGTCAAG-1","CD4 T"
"GAGGTCCGTACTATGC-1","Mono"
"TACCTATTCTTTATCG-1","B"
"TGCGTAAAGCTAGCAG-1","NK"
"TTGCACCGTTGCTTGA-1","Mono"
"TTAGGTGCATGGTAAA-1","CD4 T"
"GCAACCGGTTAGAGAT-1","Mono"
"TTGAGTGTCCTAGAGT-1","CD8 T"
"TCCCACAAGGTAAGCC-1","Mono"
"GTCACAAGTAACACTC-1","Mono"
"CGCGCAAAGTTGTCCA-1","Mono"
"GGTTGCGGTCAACTAC-1","Mono"
"CAAGGCCAGTGAGTTA-1","B"
"GACCCAGGTTTCTTAC-1","CD4 T"
"GCGAGTCCAATGGTCT-1","other T"
"CTTGCCAGTACTTCAG-1","CD8 T"
"CGCTATCCAATGTGCT-1","NK"
"AGCCTTCAGAACAGGA-1","CD4 T"
"CGCAGGTGTCAGGTGA-1","Mono"
"TACGCAACAACATAAG-1","NK"
"ATTCGTTTCGCGATGC-1","CD4 T"
"GTGTCCTTCTCTTAAC-1","Mono"
"TCTAGTTCACACACAT-1","Mono"
"CAGGATTCAAGGATGC-1","Mono"
"CAAGAAACAAAGCATA-1","Mono"
"CACCTGTCATGGTATC-1","Mono"
"TTCGTTAAGAATATCG-1","CD4 T"
"AAGGAGCTCTGCGTCT-1","CD8 T"
"TCCAGAAAGTGAGTTA-1","Mono"
"GAAGTCTTCTGCTACC-1","CD4 T"
"TGGACATAGGTTCTCA-1","Mono"
"CATGCCTCAATCCATG-1","B"
"GCGGTGTGTCACTCTC-1","B"
"AGGCCCAAGGCACCTC-1","CD4 T"
"ATGTCTTCAAGCAGGT-1","Mono"
"ACAGGCCAGAGGCCTA-1","Mono"
"AGCTGATTCAGTACAC-1","CD4 T"
"TTGTTCATCCATATCT-1","CD4 T"
"TGCCTGTCATGTGAGG-1","CD4 T"
"TTTGGTTCAAGGAACC-1","Mono"
"CGAGTTACACTTACAG-1","CD4 T"
"GGTGTCGAGATAGGTT-1","Mono"
"ACGTTAGTCTCTTAAC-1","Mono"
"AACAGTCAGGGCTCTC-1","CD8 T"
"AGCCCGATCACGGGTC-1","CD4 T"
"CCAGAATGTATCCTTT-1","B"
"AGCCAGCGTTCCGGCA-1","Mono"
"GAAGTGGAGTCGTATC-1","B"
"TCAATTCAGTAGAAGG-1","CD4 T"
"ATGTACGCATAGCCAT-1","NK"
"ACAAGCTTCTATATCC-1","CD8 T"
"CCGTACTAGTGCTCGC-1","NK"
"GTCACGGCATGTAGAA-1","Mono"
"GCAGCCACACTGTCGG-1","CD8 T"
"AACCGATGTTGGTAAA-1","Mono"
"GTCACTCTCTAGCAAC-1","B"
"TGCTTCGCATGATCGT-1","Mono"
"GCGGGTTCACGTACAT-1","CD8 T"
"CTTTGCGCACAGATGG-1","Mono"
"ACAAGCTCAAAGCTTC-1","CD4 T"
"TCTAGTTTCCACGAGC-1","Mono"
"ACAGACTGTCTGCGCA-1","NK"
"TACGCCTTCAAGAGAT-1","Mono"
"TGGTCAATCACGTGTA-1","CD4 T"
"ATCCTCGAGTTACCAC-1","CD4 T"
"TGTGACAGTAGTCCAT-1","B"
"GTAGACTGTACGTATC-1","CD4 T"
"TCCGACTTCGGTAGGA-1","CD4 T"
"TGTAAGCAGTTCCCGG-1","CD4 T"
"AGCCGCACAGAAGTGC-1","CD8 T"
"AGCTGGCCAGCAAACG-1","CD4 T"
"ACTTTCAGTGAGGTCA-1","CD4 T"
"TAGGTGTTCTTGTCAT-1","CD4 T"
"CATAACGTCCTATCCG-1","CD4 T"
"CGGTGCACACTTACAG-1","CD4 T"
"CCGCATTAGATGCGCA-1","Mono"
"GGATAGGAGTATGGGC-1","CD8 T"
"TTGCGAAAGTCGAGCA-1","Mono"
"TATGTGGTCTCTATTG-1","Mono"
"TCACAAGAGATGTTGA-1","CD8 T"
"ACAGGCCAGAACGACC-1","B"
"CGCTAGGTCGAGGCTC-1","CD4 T"
"TAAGTGCAGAGTAAGG-1","Mono"
"TGACAACGTATCCCTC-1","CD8 T"
"TACTGCCTCGGTTCCT-1","Mono"
"AATGTCGCATGACTGT-1","CD4 T"
"CAGTATGTCGCGTGAC-1","Mono"
"AAAGGATGTGTCTACA-1","Mono"
"GGAACTTGTGAATGTA-1","CD4 T"
"GTGTGATCAGAACAGC-1","Mono"
"TTGGTCCCATGGGACA-1","B"
"TGGCGCATCTGAAAGA-1","other T"
"ACCGGGTGTAGCGAGT-1","CD4 T"
"CTCTACGAGTAGAAGG-1","Mono"
"AGACAAATCGTTCTAT-1","Mono"
"GTAGACTCACAGGTAG-1","CD4 T"
"GAGCATTTCTCTTCTC-1","Mono"
"GTGTCCTAGCCTCGCA-1","NK"
"GTTGGTAGTAGAGAGA-1","CD4 T"
"GGTGAAGAGTACCACT-1","Mono"
"CTTGAAGCACAGATGG-1","CD4 T"
"TTACCGCAGGGCGAAG-1","NK"
"GCGAGAACAACTAGAA-1","NK"
"TGCGTAAGTATTTGCG-1","Mono"
"TGGAAGGCACGCGATC-1","Mono"
"TAGGAGGAGGCATGCA-1","CD8 T"
"GCTCGAGAGCGTGTTT-1","Mono"
"TTCTAACTCTGGCTAA-1","Mono"
"TGCTTCGAGTACGACG-1","Mono"
"GAGCATTAGGAATGGA-1","Mono"
"GATTGACTCACTCGGG-1","CD4 T"
"GAACGTTGTACTATGC-1","Mono"
"GGTAGGACAGGTCTGC-1","Mono"
"AACCTGAAGTCGTGAG-1","CD4 T"
"ATGTCGATCCAATAGC-1","B"
"ACCCAAATCACGTCAA-1","CD4 T"
"TTTACGTGTCAAATCC-1","CD4 T"
"ATTACTCAGCTAACAA-1","CD8 T"
"TGACTCCGTTATAGAG-1","Mono"
"GGCACGTAGAGTGGAA-1","NK"
"GGATAGGAGTGGGACT-1","B"
"GCGAGAAGTCCTTATT-1","Mono"
"ACCGGGTAGGGAAATG-1","CD4 T"
"ACCATCCTCTCCTTAA-1","CD4 T"
"TCAGCTCCATGATCGT-1","Mono"
"GTCACCTGTGGAAGCT-1","Mono"
"CCTTAATAGTTGCGCC-1","Mono"
"CTTCCAGTCGCGGCAT-1","Mono"
"TATCTGTTCTCTGACC-1","Mono"
"GTTATTCCACAGGAAC-1","Mono"
"GCGGGTTAGCCTCGCA-1","CD4 T"
"CTGCTCAAGTTCGCGC-1","CD4 T"
"GGAGAACCACCTACCT-1","CD8 T"
"CCTTGCAAGTACAACA-1","CD8 T"
"TGGTCAAGTCTGCGCA-1","Mono"
"CCCTGATAGACAGCTG-1","CD4 T"
"TGCTTTAAGAACCCGA-1","CD4 T"
"AAATGCCAGGATTTGA-1","Mono"
"ACTACGACAGTTGCAT-1","CD4 T"
"CCTATTAAGATGCGAC-1","Mono"
"GTCGTAATCAGCCGGT-1","Mono"
"TCGAGCGCATAGATAG-1","Mono"
"ACTGCAACATGCACTA-1","B"
"AACAAAGGTGTTTCTT-1","Mono"
"GAGACTTGTATGTTCG-1","Mono"
"CTACTTATCCCGTAGG-1","Mono"
"CTAGGATGTTACGAAA-1","CD4 T"
"AGTTACGCATTTAGGC-1","NK"
"CAGTGTAAGGTTACAA-1","other T"
"GGGACCTAGATTACGA-1","Mono"
"CCTTGCAAGTCGTGAG-1","Mono"
"TACTGCCCAGCGTACC-1","CD4 T"
"TTACGGACAGACCTGC-1","Mono"
"AACTGTGAGCCTATAC-1","Mono"
"TTGGTCCAGCTCGGCT-1","CD4 T"
"GGTGCTGCAAACGACG-1","Mono"
"TCTCTGGAGTAGTCGG-1","other T"
"CAATCCCGTGTGTGTT-1","Mono"
"GTCACCTCAGTAGTTC-1","CD4 T"
"TTTGAGGGTCCATTGA-1","CD4 T"
"TGTGGCGCATGATTGC-1","CD8 T"
"GGAACCCAGTGTCGGA-1","CD4 T"
"TGGAAGGCAACACGGA-1","Mono"
"GATGATCTCGAGGTCC-1","B"
"AACCTGAAGTCATCTG-1","Mono"
"AGCCCGAGTTCTGAAC-1","B"
"GCAGATTCACCCTTTG-1","Mono"
"GGAGGATAGATTACGA-1","Mono"
"TGGCCTTGTGCTTTGA-1","CD4 T"
"AACAAAGCACTTGCGG-1","Mono"
"TTCGGTCGTGCTGAAG-1","B"
"CTAGCGGAGTGAGCTG-1","CD4 T"
"TCACAAGGTTTCGATG-1","NK"
"ACTAACGGTCCGGTAC-1","Mono"
"TCGGGACGTCACCGCA-1","Mono"
"GGCGTTGGTGCTGGCT-1","B"
"CGGTGCAAGGGAGATA-1","Mono"
"TACCCTGAGGCGCTTC-1","other T"
"TCAAGACGTTCATTTC-1","Mono"
"GCTCGAGCAGTAAGCG-1","Mono"
"AGTGCCGTCACCGCGA-1","CD4 T"
"CATAACGTCGATAGCT-1","Mono"
"TTGCTTAAGCCAGAAC-1","Mono"
"CCAGAATCAACTCCCT-1","Mono"
"GCTTGCTAGCGTATCT-1","Mono"
"GTTACTTGTGTAGGAC-1","CD8 T"
"CCTGCTATCGTTCCGT-1","CD4 T"
"TCCAGAACATCATGTG-1","CD4 T"
"TATCTGTTCGGTACTA-1","Mono"
"ACTAACGCACGCTCAG-1","Mono"
"TGCTTCGGTAGAATAC-1","Mono"
"GAGGATGCAAGATTAG-1","NK"
"TAGTCCCAGTAATGTG-1","Mono"
"ACATGGTTCGTGAACT-1","CD8 T"
"TGTACAGGTCCCGTGA-1","NK"
"CATGTTTAGGGCTTCC-1","Mono"
"AGATTCGTCTGTTTAC-1","Mono"
"CTGTATTTCAGGTCTA-1","CD4 T"
"GTAGACTGTACTATGC-1","B"
"TTCAACTAGCAGGACT-1","CD4 T"
"CTGCTCAGTATCCCTC-1","Mono"
"TTGAGCAGTGATAACA-1","CD4 T"
"TTTGAGGCAAACCCTA-1","CD4 T"
"CCTTGCATCGGACGAA-1","Mono"
"CGCTAGGCAGGTTATC-1","CD4 T"
"CTGTATTAGATCTCAC-1","Mono"
"TAGACTGCAGACTAAA-1","NK"
"TTGTTGTGTAGCTGTT-1","CD8 T"
"TCAGTTTGTTTCGACA-1","Mono"
"TGCTATTTCGTTTGAG-1","CD4 T"
"TTACGGAGTGCTGTGC-1","Mono"
"TATCGAGGTGAATACA-1","Mono"
"GTGACATGTCATTGGT-1","CD4 T"
"CACCTGTCAGAGAGAA-1","Mono"
"TATCGAGAGTCACACT-1","B"
"TAATCGGTCCATACCC-1","CD4 T"
"CTAGCGGAGAGTCCGA-1","Mono"
"GCGATCGTCCAAGTCA-1","Mono"
"CTGTATTAGGTTGTGG-1","CD4 T"
"AACGAGGAGTTCCCGG-1","B"
"AACGTACCACTCGTGG-1","Mono"
"CAGTGTAAGCGTTAGG-1","CD8 T"
"GACCTTCCACAAACAA-1","Mono"
"GCCAGCACAATGCATC-1","B"
"TCACAAGGTCGCTACG-1","Mono"
"GTCCATCCACAGGAAC-1","CD4 T"
"GTCACAAAGCTCCGGT-1","CD4 T"
"CAGCTAATCCAATAGC-1","CD4 T"
"AACAGTCCAGGCAAGT-1","CD4 T"
"GTTACTTGTAGGTGAC-1","NK"
"AATACGCGTTGGTAAA-1","Mono"
"GGGTCTGGTTATCGAC-1","Mono"
"CACCTTGTCCCACGGA-1","Mono"
"TCGGGACTCGATGTGT-1","CD4 T"
"CCGTGAGAGTGAACCG-1","Mono"
"TTTGTGTCAAGTCCTA-1","Mono"
"GTGGATTTCTGTTTAC-1","Mono"
"TTCATCAGTTATAGAG-1","Mono"
"TTCGGTCCACTGTAAC-1","B"
"CCGTGAGAGCTACGTT-1","B"
"ATTTGTCCAGCAATGG-1","Mono"
"CCAGATAGTTACACTG-1","Mono"
"TTCGTTAGTCAATACC-1","CD4 T"
"GCATTGAAGAGAGTAG-1","Mono"
"CCGTAGGCATGATTGC-1","CD4 T"
"TCCCACATCGGGACAA-1","CD8 T"
"AGGACGAGTGCGCTCA-1","CD4 T"
"TCAAGACGTAAGGTCG-1","CD4 T"
"AGCCTGGCACTGCTCT-1","CD4 T"
"CCTGCTAGTCCACCAG-1","CD4 T"
"GAAACAAAGATCTCAC-1","CD4 T"
"CAACCAAAGTTACCAC-1","CD4 T"
"GCCTAGGGTCTGATTG-1","CD4 T"
"CTGGCAGCAGTCAGAG-1","CD4 T"
"TATTGCTGTCATGAGG-1","Mono"
"CTTTGCGTCCAAGTCA-1","CD8 T"
"GAATCTGGTAGACACG-1","CD4 T"
"TTCGATTTCTTACTCA-1","NK"
"GCTTAAGCAGCGTGAA-1","CD4 T"
"AGACAAAGTCCCTTTG-1","NK"
"GAACGTTGTTAGTAGA-1","B"
"CGCAATACAATGACTC-1","Mono"
"CAACGGCAGAGACTCG-1","Mono"
"TACCTCGCAGTCAGCC-1","Mono"
"CTAACTTGTGTGTGTT-1","Mono"
"CAAAGCTGTCAAGACG-1","Mono"
"TTTGAGGGTTGCCTGG-1","NK"
"ACCGCAGAGTGTCACT-1","CD8 T"
"CTAGGGCTCCGTCAAA-1","Mono"
"ACCATCCAGACCTATC-1","CD4 T"
"TGAGCCGTCGTTTGAG-1","Mono"
"TCACAGACATCGAGTT-1","Mono"
"TGTACGATCTTCAGAG-1","CD4 T"
"CACGTTCAGCTATCCA-1","CD8 T"
"GCTGCGAAGGCAGTAC-1","CD8 T"
"GCGATCGCATCATCGA-1","Mono"
"ACGTGGCGTTAGGAGC-1","Mono"
"TCACCTGGTATGCTAC-1","Mono"
"GTACTTTTCTCTGAGA-1","Mono"
"GGTGTCGCAGTAGTCT-1","Mono"
"AAACTGCGTCAAACAA-1","Mono"
"CTAGGGCGTTTAGACC-1","Mono"
"CAAGCTATCGCCACTT-1","CD4 T"
"TAGCATGTCACCGCGA-1","Mono"
"AACTGTGCATTACTCT-1","NK"
"AGATTCGGTAAAGCTA-1","Mono"
"GAGGATGAGCCTGTAT-1","CD4 T"
"ATTACCTAGGTCCTCG-1","Mono"
"GACCTTCCACCTGTGG-1","Mono"
"ACTACCCAGGGCATTG-1","NK"
"CCCTAGTTCGATTACG-1","Mono"
"CTCTACGTCGATCGCG-1","Mono"
"CGGTGCATCTCCAACC-1","Mono"
"GGTGAAGGTATGGTTC-1","Mono"
"TGCCTCACACCGAATT-1","Mono"
"GCCTACTGTATGGTTC-1","Mono"
"CCTAAAGCATGCGACC-1","Mono"
"AGCTATGCATTAGCAC-1","Mono"
"CAACGGCGTTGTCGGC-1","CD4 T"
"TAGTCCCTCGGGTCCA-1","CD4 T"
"TGCCTCAAGAATACTG-1","Mono"
"AAGGTTCTCCGATTGA-1","CD4 T"
"TTAACGGAGCTCGTTA-1","CD4 T"
"GCATTGACAGTGGTCC-1","CD4 T"
"TTGGTCCGTGCCGGTT-1","Mono"
"CTTGCCAGTATATGGA-1","Mono"
"CGAGTTATCCGCTCTA-1","Mono"
"GTACTTTGTCGAGGTA-1","B"
"AAACGAACACCACGAC-1","Mono"
"CGCTAGGGTTAGTAGA-1","CD8 T"
"TACTAGGGTAGAATAC-1","Mono"
"CAACGTACATGTCCCT-1","CD4 T"
"AATGCCACATGATCGT-1","Mono"
"TGATGCAAGCCCATGC-1","CD8 T"
"TCAGTTTAGCTGAGGT-1","Mono"
"TGACAACTCGGTTGTA-1","CD4 T"
"CTTGCTGCAAGCAACG-1","CD8 T"
"TGCTATTTCTGCGTCT-1","Mono"
"TCGCCTATCAGTCAAC-1","Mono"
"AGCGATTGTTCCCGGA-1","Mono"
"GACCTTCGTCTGTGTA-1","Mono"
"GCAGCTGAGCTATCGT-1","Mono"
"CAATCCCTCGCTGATA-1","CD8 T"
"CAACGGCAGTGATCTC-1","B"
"CATTCCGAGACAGCTG-1","CD4 T"
"GTCTACCTCCTTACGC-1","CD8 T"
"CGCAATAAGACGACTG-1","Mono"
"CTAGGATCAATGGTCT-1","CD8 T"
"GAGATTCGTGAATCGG-1","Mono"
"CTAGCGGTCTAGCTGA-1","Mono"
"TGGCCTTCAGTAACTC-1","NK"
"TAGCTTTAGCCATGGA-1","NK"
"ATGGATCTCCACGGCA-1","Mono"
"ACTCGGGTCCAATCCC-1","CD4 T"
"CAACGGCCAGGTCTGC-1","CD4 T"
"TGGCAATCATGTGGGA-1","Mono"
"CAGTATGGTGATGTGG-1","Mono"
"AGCCGCAAGCTGAAAT-1","CD4 T"
"ACCGAATAGCTACGCC-1","CD4 T"
"TACCTATCATTAAGGA-1","CD4 T"
"TCAGGTAAGCTTACCA-1","CD4 T"
"TTACTTGTCTCTGAGA-1","Mono"
"CGGACTGCACCTATTT-1","CD4 T"
"CAGTGCGCAAGCGGTA-1","Mono"
"CAGCTGGCAGTATACC-1","NK"
"CAATCCCAGTGAATAC-1","Mono"
"GTCTACCAGTGAATAC-1","CD4 T"
"AACCGATCAAACGTTC-1","B"
"GACCCAGAGAAGAGTG-1","CD4 T"
"TGAGTCAGTACCGGCT-1","Mono"
"GTCCATCAGCCTTTGA-1","CD8 T"
"TGGCAATCATGTAGAA-1","Mono"
"TTGTTCAGTGCGTCCA-1","CD8 T"
"GCGTAGCCACAGTTAC-1","Mono"
"GCTCGAGAGTACGCGA-1","CD4 T"
"TTCATCAGTAACCGAG-1","NK"
"GCTTAAGTCGGGATCC-1","Mono"
"AGCCCGAAGCGCAATG-1","Mono"
"AGCTGGCTCGATAGGG-1","Mono"
"CTGTATTAGGACCGAT-1","CD4 T"
"ATCCTCGGTCAGAAGC-1","Mono"
"TAAACCGTCACTCCCA-1","Mono"
"TACAGCAAGAGGTACC-1","CD4 T"
"AGCGATTTCGGTGATT-1","CD4 T"
"GACCAATGTAGCTGTT-1","Mono"
"GAGGTCCGTCGGCTGT-1","Mono"
"AGCGATTGTGAGTTGG-1","CD8 T"
"CCTAAAGTCTGAGTAC-1","NK"
"AATACGCAGTACCTCA-1","CD4 T"
"CAAGAAAGTCATTGGT-1","Mono"
"TCTAGTTAGGGAAGCG-1","CD4 T"
"TCAGCTCAGAATCAAC-1","Mono"
"AAGGAGCAGTCTGGGA-1","B"
"GTCGTAAGTACCGGCT-1","Mono"
"TTGGTCCAGCACCATT-1","Mono"
"GTACTTTGTTCTGAGT-1","CD8 T"
"AGCCTCTCATGCGTTA-1","Mono"
"CCCTAGTCACACTAGT-1","Mono"
"AAATGAGGTCGCTACG-1","Mono"
"CTGAATGGTGTTGTTG-1","Mono"
"CCTCCCTAGGTGAACC-1","NK"
"TGACAACAGGGCATTG-1","Mono"
"CCTAAAGAGAGGCGGA-1","NK"
"TTTGGTTGTAATGCCT-1","CD4 T"
"TGACAACGTGAATCGG-1","Mono"
"ACAAGCTCAGCCGAAA-1","Mono"
"ATGTCTTGTTGAATAG-1","NK"
"GCGAGAACACTCCTCA-1","CD4 T"
"TCAGGGCTCTTAATCC-1","Mono"
"TTGCTTAGTCCCGAGT-1","Mono"
"CCTTGGTCATGGAGGT-1","NK"
"CACCTTGGTTCCCGGA-1","B"
"GTGCCAGGTCCGTGCA-1","CD4 T"
"TCAGGGCCAATGATGA-1","CD4 T"
"TACTCGCTCGCTTGAA-1","NK"
"CCTTGGTTCTCCTTGG-1","Mono"
"TCAGGTAGTAATGTGA-1","CD4 T"
"GCCCGAAAGTTTACGC-1","Mono"
"ACTAACGGTCTGCACG-1","Mono"
"CGTACAAGTTTGCCCT-1","CD4 T"
"GGTTGCGTCCGTACGG-1","CD4 T"
"TTCATCATCACTGATG-1","Mono"
"CTCAGAATCGCCTTAC-1","CD4 T"
"GTGCACGAGCGTAGCA-1","Mono"
"TGTGTCCTCGGAGTTT-1","Mono"
"CTTTGCGGTCAACTGT-1","Mono"
"GTGGCGTCAAACGACG-1","Mono"
"GGTTGCGAGGTTTCTG-1","Mono"
"TGGTCCTCAGTTACAC-1","NK"
"AGCTATGTCTGCTACC-1","Mono"
"GAGCGCTGTCACCCGA-1","Mono"
"GAAAGTAGTCGCTAGC-1","Mono"
"TCGATTTGTGGAAGCT-1","NK"
"ATAGGCTGTAGTGATA-1","CD4 T"
"CATTGGAGTAAAGGCC-1","DC"
"AGGCGTCAGTCCGATT-1","NK"
"GCTTTCGGTTACTACG-1","CD4 T"
"ACTGCGGGTCAGAAGC-1","Mono"
"CTCATGCTCTTGCGCT-1","CD4 T"
"TGAATCGCACGAACGA-1","Mono"
"ACTACCCGTGACGCAA-1","CD4 T"
"TTGCTATAGGAGACTC-1","CD8 T"
"ATTACCTGTAGCGAGT-1","CD4 T"
"GGGTCTGAGTCTAGAA-1","Mono"
"ACCGCAGAGTTATGAG-1","Mono"
"TCCAGAATCGGTTCCT-1","CD8 T"
"GCGTAGCGTCGACTGC-1","CD4 T"
"GGCGAAATCGCATAAC-1","CD4 T"
"TACATTCTCTCAGATG-1","CD4 T"
"GCAAAGGAGGTTAGTA-1","Mono"
"GTGCCAGGTACGAGAC-1","Mono"
"GTTACGACAAGGGTAC-1","CD4 T"
"TGCTCACAGCAGTAGC-1","CD8 T"
"ACCGCAGTCAAGTTGC-1","Mono"
"GCCAGACCAAAGGTCG-1","NK"
"ACTAGGTCAACTAGAA-1","CD8 T"
"GAACTTGTCGATGTGT-1","CD4 T"
"CTGGCAGTCCGTTAGA-1","CD4 T"
"ATGTCGACAAAGCATA-1","Mono"
"TTACCCGGTGTCCAGC-1","Mono"
"CCCAGAGAGAGCTCCC-1","CD4 T"
"ACTATTCCATTGTGAC-1","CD4 T"
"GCAGCCAGTAGCCATT-1","CD4 T"
"TTGTTCAAGAAACGCC-1","Mono"
"TTAGGTGAGTGCTGAG-1","Mono"
"AACTGGTAGCGTGTTT-1","Mono"
"AATGGCTTCAGGCGCT-1","NK"
"AGTCAACAGGTAGGAA-1","NK"
"CACTAAGCATAGCAGG-1","CD4 T"
"CTCGCTATCAATTGGC-1","Mono"
"TGCTCGTAGTGTAATG-1","CD4 T"
"CCTGGGACAATGGTAA-1","Mono"
"CACAGATAGGGTAATT-1","CD4 T"
"ACAAGCTCATGCGCTG-1","B"
"GCAGCTGAGTAGAAGG-1","NK"
"TTCATCAGTGCCAAGA-1","Mono"
"TCGATTTCACATTGCA-1","B"
"ATCCCTGAGGGTTCCC-1","Mono"
"TGGAAGGCAACGAGGT-1","Mono"
"ACGTTAGGTACGTATC-1","CD8 T"
"ATCCTCGGTATGCTAC-1","CD4 T"
"GGTGAAGGTGCCCGAT-1","Mono"
"TTCATCATCACCGCGA-1","Mono"
"GCCAGCAGTCCGTCGA-1","CD4 T"
"CCGTACTTCAGTTGAC-1","CD4 T"
"AAACGAACAACAACTC-1","CD4 T"
"AAATGCCTCCAACCTC-1","Mono"
"ACTTTCAGTTTAAGGA-1","B"
"TACCCTGCAAATTCCG-1","Mono"
"TAGACTGCAGTTGCAT-1","CD8 T"
"ACGTGGCTCTCGACAA-1","CD4 T"
"GGTCATAGTATTCTGG-1","CD4 T"
"TGACTCCGTGCTTGAT-1","CD8 T"
"TAGGTGTAGTTGTCCA-1","CD8 T"
"ATTGTGGCATTCTCGC-1","Mono"
"CTTGCCACAAGCGGTA-1","Mono"
"CTGGCAGTCCCTAAAG-1","Mono"
"TGAGTCATCGACGGAA-1","CD4 T"
"TGTGTCCCATCCCAAA-1","CD8 T"
"TAGCCCTGTCATCGTA-1","CD4 T"
"AACCGATAGTGGACGT-1","CD4 T"
"AGCTGTAAGCGTTAGG-1","B"
"GGGTGTCCAGCGCGTT-1","Mono"
"AATGTCGCAGCAACCC-1","Mono"
"AATGTCGAGTGCTAGG-1","other T"
"GAAGTGGGTAGTTTGC-1","Mono"
"GTTATTCTCGCATAAC-1","Mono"
"ACAGACTCAGGAGCAT-1","CD4 T"
"GCTGAGCCATTTGTTC-1","Mono"
"ACCGAATCAGAGCCAA-1","Mono"
"AACTGTGGTTACCCAA-1","Mono"
"TGGACATTCCCAGCGA-1","Mono"
"CAGTGTACATGGCCTG-1","Mono"
"TTGCTTAGTCTGCGCA-1","Mono"
"ACTTTCATCGGTAGGA-1","CD4 T"
"CTCTCGACACACACAT-1","Mono"
"ATATTCCTCGGTGATT-1","CD4 T"
"TGCATTTAGACCTATC-1","Mono"
"AAAGATGAGTTCCCGG-1","Mono"
"AGTTACGCAATTGTGC-1","CD4 T"
"GACCCAGGTTGAATAG-1","Mono"
"CAACGGCTCCATATCT-1","NK"
"TTGACGAAGGCCTCTG-1","CD4 T"
"GACCCAGCACGCGCAT-1","Mono"
"GCGGAAAGTGCACATT-1","Mono"
"ATTACTCAGAACTAAC-1","Mono"
"CTAGGGCGTGACCAGA-1","NK"
"GTGATCAAGTGCACAG-1","B"
"TTGACGAGTAGACGCA-1","Mono"
"CCTCCCTAGGAGACTC-1","Mono"
"CGCTGGAGTGAAACAT-1","Mono"
"GAACGTTAGATTACGA-1","CD4 T"
"TCAAAGCTCAAAGTAG-1","Mono"
"GTCACGGCACTCGGAC-1","Mono"
"AAGGAGCTCACCGCGA-1","other T"
"CAATCCCCATGGCCCA-1","Mono"
"ATCCCTGTCCAGGGAA-1","Mono"
"TCGGGACGTTACCCAA-1","Mono"
"TGGGTTACAAATAGTG-1","Mono"
"TTCTAACTCTCGCGTT-1","Mono"
"GCGTTGGTCGGAGTTT-1","Mono"
"GATTGACAGGATGCCA-1","NK"
"GTTACTTCACCACGAC-1","Mono"
"AAATGCCAGCCTGTAT-1","CD8 T"
"AGCCTTCCAATGTGCT-1","Mono"
"TAATTCCTCGCAAACT-1","CD4 T"
"TATGTGGGTTGCCTGG-1","Mono"
"TCTCTGGAGGTGTTGG-1","Mono"
"TCGTTCGCACCAAGGA-1","Mono"
"CCCTGATAGTGAGCAC-1","NK"
"AAAGATGCATGGTAAA-1","CD4 T"
"TGTACGATCTAGCAAC-1","other T"
"AACCAACAGGTCGGTA-1","Mono"
"CGCACAGAGGCTCCTG-1","CD4 T"
"GCATTCCGTTACGCTA-1","CD4 T"
"AAACGAACAGGAGCAT-1","CD4 T"
"AAGGTTCCAGTGGTCC-1","other T"
"TTAACGGGTAAAGGCC-1","Mono"
"TTCGCGTCATGTCCCT-1","Mono"
"AGATAGACAGTATACC-1","B"
"AGCCTGGAGCTACGCC-1","CD4 T"
"CGTAAACAGTTCTCCC-1","CD4 T"
"TTATGTCAGTGCCCTG-1","other T"
"CGTTCCAGTCTAAAGA-1","CD4 T"
"TACTGCCAGTGAGCAC-1","B"
"ACCGGGTAGCTAGCAG-1","CD4 T"
"CGAGTTAAGGTCGTTT-1","CD8 T"
"TACATGGAGTCCGATT-1","CD4 T"
"CAACGTACACTCGCAG-1","Mono"
"TTATGTCAGCAGTAGC-1","B"
"CTTGCTGGTGCATTCA-1","CD4 T"
"TGCTTTAGTTACGGAG-1","Mono"
"GCTTTCGCAGTGCTCG-1","CD4 T"
"CAGGATTAGAGTTTGA-1","Mono"
"GCTCCTAGTTGCCTGG-1","Mono"
"CGCGCAAAGTTGGAAT-1","Mono"
"TCGGGACAGTATACGA-1","Mono"
"TCCAGAATCACCCGGA-1","CD4 T"
"CCCTAGTCACTGCTCT-1","Mono"
"GAGCATTAGTGCTGAG-1","Mono"
"TGTGACAGTCTGCACG-1","Mono"
"TAGCGGCGTGCTTTGA-1","Mono"
"ATTACTCGTAATGCAA-1","B"
"CTGTTCGCATCCATAG-1","CD4 T"
"CTACTTACATCGAGTT-1","Mono"
"TAGCTTTTCTCGCGGA-1","Mono"
"TGTGACATCAGAGTGG-1","Mono"
"GCATGATTCAGTCAAC-1","Mono"
"AATGTCGAGTTACCAC-1","CD4 T"
"AGTGTACTCAGCACTA-1","NK"
"TAAACCGTCCCGGGTA-1","CD4 T"
"ACGTTAGAGAACTAAC-1","Mono"
"TAGCACAGTGTCGTGC-1","CD4 T"
"GCTCAGGCAGGCAAGT-1","Mono"
"ACTTTCAGTCTGGGCT-1","Mono"
"GGATAGGCATTATGGC-1","NK"
"CCGTGAGGTGCAGACA-1","NK"
"TAGTCCCTCACATCCC-1","CD8 T"
"CGTACAACATGGCCGT-1","CD4 T"
"GGAATCTGTAACACTC-1","CD4 T"
"CCGAAGCCAGTCAGCC-1","NK"
"CCATACCAGGACTTTC-1","NK"
"GGATAGGCACGTTGTA-1","Mono"
"GGGTGTCTCCAGGCCA-1","Mono"
"AGCCAGCCACTGGGCT-1","CD8 T"
"GCTTAAGTCAACGTGT-1","Mono"
"CGCTATCCACAGCCAC-1","Mono"
"TCAATTCAGATCACCT-1","Mono"
"TAGCCCTCAATGTAAG-1","CD8 T"
"CATTGGAAGCTGCCAC-1","NK"
"TGTAGCATCTGTGTGA-1","CD4 T"
"AAAGGATGTTTGCGAT-1","Mono"
"GAGGTCCGTATGGATA-1","CD4 T"
"TTAGCGATCGGGCTCA-1","Mono"
"GCGGAAATCCTCCAGT-1","B"
"AGGCGAATCTGATCTT-1","Mono"
"CTTGTCGCATGTAGAA-1","Mono"
"AAACTCGAGCTCCGGT-1","CD8 T"
"CATTGGATCGGTCCGA-1","NK"
"AAGGAGCAGCCCATGC-1","Mono"
"GAAGTCTAGTAACACA-1","Mono"
"ATATTCCAGAAGACTT-1","Mono"
"CGCGCAACATCCTCGT-1","Mono"
"GGAACCCAGAGTTCGG-1","Mono"
"TAGTCCCCACAGATGG-1","Mono"
"CTGCGTTGTCTGAGCC-1","Mono"
"TACCCTGAGGAGTAGA-1","CD8 T"
"TCAAGCAAGGCAGTAC-1","NK"
"CAAAGCTCATCGAGTT-1","CD4 T"
"GTGGATTGTATCGCGC-1","CD4 T"
"ACAAACCGTAAACGTA-1","CD4 T"
"TCAGTCCAGATGCGAC-1","Mono"
"CGGACCACAGGCAAGT-1","NK"
"TCAAGCAAGGAAGAAC-1","CD8 T"
"AGCGTATAGGAGGCGA-1","Mono"
"GACCCAGGTTCTTAGG-1","CD4 T"
"GTCACGGGTAGGTCTT-1","Mono"
"TAGCCCTGTTTAGACC-1","Mono"
"AACCTGACAGGCAAGT-1","CD4 T"
"GCGCATGCATGATCGT-1","Mono"
"CTTGTCGCACTCGGAC-1","Mono"
"TTGTTCAGTCATGAGG-1","CD4 T"
"CGTGGCAGTACCGGCT-1","Mono"
"TAACTTCTCCAGGGAA-1","CD4 T"
"AATGTCGCATGGTATC-1","CD4 T"
"AGTCAACGTCATTGCA-1","Mono"
"ATGTACGTCGATGTAC-1","other T"
"CGCTAGGCAAACTACC-1","NK"
"GAGGTCCTCGATGCAT-1","Mono"
"ACATGGTGTACGTATC-1","CD4 T"
"CTGCGTTGTAGAGAGA-1","Mono"
"GACCAATTCCTTTGCG-1","Mono"
"CAACGGCGTAAACGTA-1","CD8 T"
"CCGTGAGCAAACCCTA-1","NK"
"TTAGCGACAACAAACA-1","CD4 T"
"TGTGTCCAGCAACTGG-1","Mono"
"CTCCCAACACTCGCAG-1","CD8 T"
"AGCTGATTCGCTCGGA-1","Mono"
"CCTGCTAAGTTCAAGA-1","Mono"
"TTAGGTGGTAAACCCT-1","Mono"
"AGTGTACCATAGCAGG-1","CD4 T"
"GTCACAAGTTTCTACT-1","Mono"
"TAGGTCAAGATGAGGA-1","CD4 T"
"GAGCATTTCCCGAAGC-1","CD4 T"
"GAACCTATCCATTGAG-1","Mono"
"TTGACGACAGAGCCAA-1","CD8 T"
"GCAGCTGTCTCGACAA-1","NK"
"TCGAGCGGTGTGCTTA-1","Mono"
"CCTTGGTCACAGTTAC-1","CD4 T"
"TTACGTTAGCAACTGG-1","Mono"
"ACCTGCTCAGATTTGC-1","Mono"
"AGGCGAAGTGGACGAT-1","Mono"
"CTCTAGCTCTTCGTTA-1","Mono"
"TCACCTGAGATGCGCA-1","Mono"
"TTAACGGGTATATGGA-1","CD4 T"
"GTCACGGGTAACGGCA-1","CD4 T"
"TGCTTCGGTGAGGTCA-1","B"
"GGAATCTAGTCGTGAG-1","Mono"
"TGATTTCAGTCGACCC-1","CD4 T"
"ACCGCAGGTGGTAAGC-1","Mono"
"TCCGACTGTAACGGAC-1","CD8 T"
"AGATAGATCGTGTGCG-1","Mono"
"CTCTCAGCATAAAGTG-1","CD4 T"
"TGACAACCATGCGACC-1","Mono"
"ATTGTGGTCAAGGCCC-1","Mono"
"TAAACCGGTGCAAGCA-1","NK"
"CATGCCTCAAAGCTTC-1","Mono"
"GCCAGACTCACCCGGA-1","CD4 T"
"CCATACCTCTCTTAAC-1","CD4 T"
"TCGCAGGAGAGACTCG-1","Mono"
"TTGTCTATCCATAACG-1","CD8 T"
"CTTCCAGTCGATGTAC-1","CD4 T"
"TACCTCGAGACAGCTG-1","NK"
"CTCGCTAAGGATGCCA-1","Mono"
"GAGCGCTTCGTCTTAT-1","Mono"
"GTGACATGTAGTCTGT-1","Mono"
"TTTACGTCATATTGGC-1","Mono"
"CTTAATCAGGCAAGGG-1","Mono"
"GTGGATTCAGGTCTGC-1","CD4 T"
"AAATGCCCACTCCCAT-1","Mono"
"CCCTGATCACTAGCCG-1","Mono"
"GAGGCTCAGTGTCCCG-1","NK"
"TGCTTTACATTAGCAC-1","Mono"
"TTAGCGAGTGTCTACA-1","Mono"
"ACTATTCGTACGCAAG-1","B"
"CTCATGCCACACACCG-1","Mono"
"ACAAACCAGAATCAGT-1","Mono"
"CTTGCTGCAAGGTCGA-1","CD4 T"
"GTCACGGAGTATACGA-1","Mono"
"TATGTGGGTTAACCGT-1","CD4 T"
"GGAGTAGTCGTGAGTT-1","Mono"
"GCACGCAGTTCCTATT-1","Mono"
"GTGCACGGTCCCTAAA-1","Mono"
"GATGATCGTATGTCCA-1","Mono"
"TTGCGGGCAGTAACGG-1","Mono"
"GCGCCAACACGCGATC-1","Mono"
"CTCATGCGTGCCGGTT-1","Mono"
"TACTGCCGTATACGCT-1","CD8 T"
"GCTGCGAAGGCAGTGT-1","CD8 T"
"TGTACAGCAACTGCGC-1","CD4 T"
"CCTCCCTTCGTTTGAG-1","DC"
"ATGGATCGTACGGTTT-1","Mono"
"GGGTGTCGTTCACGTA-1","Mono"
"AAATGAGGTCAATCCA-1","Mono"
"ACGTTAGCACCACCAG-1","Mono"
"GTCACTCGTATGCTAC-1","CD4 T"
"GTCTACCAGAACTCCT-1","Mono"
"CGTGGCATCGGATAGG-1","CD4 T"
"TGGCCTTGTTGGACGA-1","CD4 T"
"GTAGTACGTATGGGTG-1","Mono"
"ACGTGGCGTAACACTC-1","Mono"
"ACTACCCGTTTGCCCT-1","CD4 T"
"GAAATGAGTGGTAGAC-1","Mono"
"TACGCCTCAAAGGCCA-1","NK"
"GTCACTCGTACGACCC-1","CD4 T"
"CAAGGCCTCGGGAATG-1","CD8 T"
"ACTCGGGTCTGGACAT-1","Mono"
"CTCTCGACAAAGAAGG-1","NK"
"AGCTGTAGTGCATTGT-1","CD4 T"
"GTCTACCCAGACCTGC-1","CD4 T"
"TGATGCACAAGGTTCT-1","Mono"
"AGTGCGCCATCAGCTA-1","Mono"
"ACAAAGATCACTGGTA-1","Mono"
"CTTGCCATCGTTTGAG-1","Mono"
"CATTCCGAGATCGCCC-1","Mono"
"TAGCGGCCATGGATGG-1","Mono"
"GGCGAAAGTTCCCTTG-1","CD4 T"
"CGCTGGACACAAGGGT-1","Mono"
"GTCACAAGTTACCACA-1","Mono"
"CGATGATCACGTACAT-1","NK"
"GCACGCAGTAGCAGCA-1","Mono"
"GGCGTTGGTTCTTTCA-1","Mono"
"CTGCGTTCACGCTAAT-1","Mono"
"GCCTACTCATCAGCTA-1","B"
"CAACGTACAAGAAACT-1","Mono"
"TGACTCCCACTGAAGG-1","NK"
"TGCTCGTAGCATTGGG-1","Mono"
"CTGTTCGCACTGATAC-1","Mono"
"CGCTAGGGTAGCAGGT-1","DC"
"CCAATGACACTGTAAC-1","NK"
"GCCCAGAAGTGTCCCG-1","Mono"
"GACTAGTTCCTCTCTT-1","NK"
"GTCACCTTCTTCGTTA-1","Mono"
"CTCAGCTTCAGGATCT-1","Mono"
"GGCATTACATGTGGGA-1","B"
"TCAATTCGTAAACGGC-1","CD4 T"
"CGGTGCAAGGATTTGA-1","Mono"
"ACTAACGCAGTATACC-1","NK"
"AGTCAACAGCCTGTAT-1","Mono"
"CCTTAATAGCGAGAAA-1","Mono"
"AACAAAGGTGCGTAGA-1","Mono"
"CTCTAGCAGAGCTACG-1","CD8 T"
"TGGTCAAAGCGATACG-1","CD8 T"
"GTAATCGCAGCCACGT-1","CD4 T"
"GAGAACGCAAGTTGCT-1","Mono"
"TTCATTGCACAAACGG-1","Mono"
"AACGGGACAACGCAAG-1","Mono"
"GGAACCCCATAGAATG-1","Mono"
"GAAGTGGAGCTTACCA-1","CD4 T"
"TGCCTGTGTTTGCCAA-1","B"
"GTGCCAGGTTCTTATC-1","NK"
"GTGTCAACAAGTAATG-1","Mono"
"AATGGCTGTGTGAGGT-1","Mono"
"TTTGAGGCATCGGCCA-1","CD4 T"
"GCGCCAATCAGCGGTC-1","Mono"
"GGTACCGCATTCACCC-1","Mono"
"GGTGCTGCAGGATGTG-1","CD4 T"
"TACAGCAAGCCCATGC-1","NK"
"AAAGGGCGTCCACCAG-1","CD8 T"
"ACAGAAAAGTTAGCGG-1","Mono"
"GGCACGTGTCGTCGCA-1","CD8 T"
"GATCATGAGTGTCACT-1","CD4 T"
"GTTATGGAGTTCGCGC-1","Mono"
"CTACTTACAGATTAAG-1","Mono"
"CAGTGTATCCAATAGC-1","Mono"
"TTGGTCCGTTAACCAC-1","CD4 T"
"CTGGCAGAGAAGCCGT-1","Mono"
"TTCAACTCACAAGTGG-1","CD4 T"
"CCTTGGTTCCGGCGAT-1","CD8 T"
"CGGACTGAGAGAACCC-1","Mono"
"AGCCGCAGTAGCAGCA-1","CD4 T"
"TCTCTGGAGTGAGTGC-1","Mono"
"TGAGTCACACGGCCAT-1","B"
"GTCGTAAAGTTGCGCC-1","CD8 T"
"TTACTTGAGATTAGAC-1","Mono"
"GGCATTAAGACCCATT-1","Mono"
"TGCACCTCAAGCGTCC-1","Mono"
"AGCGATTAGGACTTTC-1","CD4 T"
"CCCTGATGTTTGTAGC-1","Mono"
"CTCTCAGAGTGAGTTA-1","Mono"
"GATCATGTCCATCTAT-1","CD4 T"
"TGATGCAAGTGTCCCG-1","Mono"
"TTTGCGCAGGTTGTTC-1","CD4 T"
"TTGGTCCAGACTTCCA-1","NK"
"GCAGCCAAGGTCTTTG-1","Mono"
"TACGCCTCACCTGTGG-1","Mono"
"CCTGGGAAGTCAACTC-1","B"
"GCAGCCAAGTTACCAC-1","NK"
"TAGCCCTCATTTGTTC-1","CD4 T"
"ATCCTCGTCAGCACTA-1","CD4 T"
"TTCATTGCACCTACCT-1","Mono"
"TAGACTGCAACACGGA-1","Mono"
"TGAATCGCACACTAGT-1","Mono"
"AAGGTTCTCGATGAAA-1","CD8 T"
"GCATGATAGGGCGAAG-1","NK"
"GCTCCTAGTACGCAAG-1","Mono"
"TAACAGCCAGCCACGT-1","Mono"
"ACAAACCAGAAGCCTG-1","Mono"
"CCGTGAGAGAGGCAGG-1","CD8 T"
"GATCGTAGTCCGGTAC-1","B"
"GCGTAGCTCTGTCGGG-1","CD4 T"
"GTAGACTGTCGATAGG-1","Mono"
"AACTTGGAGAGAACCC-1","Mono"
"GGCATTAGTAGTCTGT-1","CD4 T"
"TTGCACCAGCGCAATG-1","Mono"
"TATGTGGCAAGTGGCA-1","Mono"
"CAACCAACATGGATGG-1","Mono"
"CTACTTAGTGGACCAA-1","Mono"
"TTTACGTAGATTAGAC-1","Mono"
"CAGTGCGGTACGAGAC-1","Mono"
"TGACAACCATCCCTTG-1","Mono"
"CTCTAGCTCAGTTGAC-1","CD8 T"
"CCCTCTCGTACAAATG-1","Mono"
"CTCAGCTCAACCTCCT-1","NK"
"CTTGAAGAGACCCATT-1","NK"
"CCGAAGCAGTGAAACT-1","NK"
"CTTCCAGTCTCATATC-1","Mono"
"GTCACCTGTTCCCGGA-1","Mono"
"CCTATTAAGGTTCGAG-1","Mono"
"TTAACGGAGGGATCCA-1","Mono"
"TCAGTTTCACAAGTGG-1","CD8 T"
"GAGGCTCGTAGTATCC-1","Mono"
"GCTCACTCAGCAACAG-1","Mono"
"GGGTCTGTCAGAACGG-1","Mono"
"GCTGCGAAGTCGACCC-1","Mono"
"AGTCCGGCAATAGCGG-1","Mono"
"CCGTGAGTCTCGCGTT-1","CD4 T"
"CATGCCTGTACCGGCT-1","Mono"
"GTTGGTAGTCGATAGG-1","B"
"TTGCAGAGTGCATTCA-1","Mono"
"AAACTGCAGCGGACAT-1","B"
"CAGTGCGGTATCGCGC-1","Mono"
"TACGGATGTGTGTGCC-1","CD4 T"
"TTCGCGTGTTACGGAG-1","Mono"
"AGTCCGGAGAGGTACC-1","NK"
"TACAGCAAGTAGACCG-1","Mono"
"ACCCAAATCTTTGCAT-1","CD4 T"
"GAGGCTCGTTTCCACC-1","B"
"ATATTCCGTACTAGAA-1","B"
"AATGGAAGTTAAGGGC-1","Mono"
"CAAAGCTGTGAGGTCA-1","CD4 T"
"TAACTTCCAGGTCTGC-1","Mono"
"CATTCATTCTATAGGC-1","CD8 T"
"CTCTCGAAGTGAAACT-1","Mono"
"TTGAGTGAGCTAACAA-1","Mono"
"AAACGAAAGAGCTCCC-1","Mono"
"TTTGAGGTCTTAGTGG-1","Mono"
"GGCGAAAGTGCCCGAT-1","Mono"
"ATCCTGCCAAGGCTTT-1","Mono"
"GATTGACGTGTGACCC-1","Mono"
"AGCCAGCTCTGGTACA-1","Mono"
"CGAGTTAGTGATGTGG-1","B"
"ATAGGCTTCAGGCGCT-1","Mono"
"GTGTCCTAGACTAGGC-1","CD4 T"
"GTTCAAGTCGATAGGG-1","CD8 T"
"TAGCCGGCATTACCTT-1","CD8 T"
"TAATCGGAGTATGGGC-1","Mono"
"GGTACCGCAGGATAGC-1","Mono"
"GCCCAGAAGTGAACCG-1","Mono"
"GCGTAGCGTTAGCTCA-1","CD4 T"
"GACCGACGTAGCATGG-1","NK"
"AATGTCGAGGACTTTC-1","CD4 T"
"CGTAAACCAGAGCCAA-1","Mono"
"GCCTAGGCATATAGAG-1","NK"
"TTTGTGTCAGAATGCG-1","Mono"
"ACTTCCGGTAAGCCTT-1","CD4 T"
"CAACCAATCCTGTAGA-1","CD4 T"
"GCTGCGAAGTTGGAAT-1","Mono"
"TTTGCGCGTATCGCGC-1","Mono"
"TAGCCGGAGTCGTATC-1","NK"
"CTGCGTTAGGAGTACC-1","CD4 T"
"GCAGCTGAGGTTAACA-1","NK"
"GCTCAGGCAGCTGATT-1","Mono"
"ATCCCTGTCGCAAGCC-1","CD4 T"
"GTGCTGGTCGACTGGC-1","Mono"
"TACCCTGAGGGAGTTC-1","CD8 T"
"GAGACTTAGACGTCAG-1","CD4 T"
"AGCGTGCTCGGTCGAC-1","Mono"
"ATGGATCGTCAGACGA-1","CD4 T"
"ACCGGGTGTCGGCTGT-1","Mono"
"GCCATAAGTCTGTTGA-1","CD4 T"
"ATCCTCGAGATTAGAC-1","Mono"
"CAACCAACAAAGAGAG-1","Mono"
"TCGAGCGCAGATAAGT-1","Mono"
"CACAACAGTTGCTTGA-1","Mono"
"CACAACATCGATGTGT-1","CD4 T"
"ACAAACCTCTCCTTGG-1","Mono"
"AACTGTGGTGGACTGA-1","Mono"
"AGTGCGCCACGATTAC-1","Mono"
"TGCTTCGCATGGCCTG-1","Mono"
"AGCGATTAGAGAAGCA-1","Mono"
"TCCATCGTCACATTCT-1","CD4 T"
