,0
0,GACCAATCAAGGATGC-1
1,TCAAAGCCACTGATTG-1
2,CACAACACAGGTAGCA-1
3,GGAGGATGTCATCAAC-1
4,GTTATTCAGAGCTCCC-1
5,TACGCCTTCGGTACTA-1
6,TAGCTTTTCGGATGTT-1
7,AGATTCGAGTGAAGGA-1
8,GCTGAGCGTGAAACAT-1
9,TAATTCCCATTTAGGC-1
10,CAACGTAAGGACTAGC-1
11,CCAGATACACGATATC-1
12,CCCTAGTAGATGGGAA-1
13,TAGGTGTGTGCTAGTT-1
14,GCAGATTCAGGTCCTG-1
15,AAGGAGCTCAAGAGAT-1
16,CAGTATGGTAGCAGGT-1
17,TGACTCCTCGTCGCAG-1
18,GTTATTCCACAGTTCA-1
19,GACCGACAGGTTACAA-1
20,AGCGTATGTCCGGTAC-1
21,TCAAGCAGTTTAGACC-1
22,AACGGGAGTACATGGG-1
23,TAAGCCAAGTTAGCAA-1
24,CTCTAGCTCATAGGTC-1
25,CCCTCTCGTTCCTATT-1
26,GCGAGAATCCCAGCGA-1
27,TTGACGAGTCCGTCGA-1
28,CTCTCAGTCACAAGCT-1
29,TTGCGAACACCATTCC-1
30,GCGTAGCTCCGATGCG-1
31,GCACCTTTCCCATAGA-1
32,GCGGAAAGTGCAGACA-1
33,GTGCTGGCATCAGAAA-1
34,GGCATTATCAGCACGC-1
35,GGGAACATCCCACTAC-1
36,TATCTGTAGGAAGAAC-1
37,TACTGCCTCACTGGTA-1
38,GAAGAGCGTGTCCAGC-1
39,TTCGCGTGTTCAGAAA-1
40,AACCTGATCAACACGT-1
41,GCTCGAGGTTGTGACT-1
42,CACGTTCTCTCGTGAA-1
43,TAACTTCCACATCATG-1
44,TCGCAGGAGTGTTCCA-1
45,GCACGCAGTTGGACGA-1
46,CGTGGCATCCTGAAAC-1
47,TGACAACTCCTATCCG-1
48,TTCATCAAGTACCTCA-1
49,TGTGACAGTAGAACGC-1
50,TTACGTTCAACAACTC-1
51,TGGACATCACACACAT-1
52,TAGACTGCAGTGCGAA-1
53,AGCGATTAGTTACCAC-1
54,TGTTAGGAGCTGAGGT-1
55,AGATAGAAGGGTCCCT-1
56,TCACCTGTCCAGCACG-1
57,TTCTGTAAGACCAATA-1
58,CTAGGATAGTTCGCGC-1
59,CCACAGGGTCTGCACG-1
60,ATCCAGAGTTATCGAC-1
61,TGCTCGTAGACCATAA-1
62,ACAAACCGTAAGTGCG-1
63,AGGACGACATTACACG-1
64,TGGGTTAGTAACACTC-1
65,ATAGGCTGTCCGTCGA-1
66,TTCATTGGTGAGTAAT-1
67,CTCTCAGGTCTGATTG-1
68,TAGCCGGTCTCCTTAA-1
69,TAAACCGAGGCAGATC-1
70,TAATTCCCACTAGGAG-1
71,GGAATCTAGAGTTTGA-1
72,CTGTTCGGTCAAACAA-1
