,cell_IDs,predicted_labels
0,MEP_150,MEP
1,CMP_239,GMP
2,HSC_284,CLP
3,GMP_285,MDP
4,CMP_164,MEP
5,CMP_663,GMP
6,MEP_127,MEP
7,CMP_602,MEP
8,MEP_145,MEP
9,CLP_189,Pro-B
10,CMP_304,CMP/BMP
11,MEP_151,MEP
12,MEP_122,MEP
13,CMP_131,MEP
14,HSC_188,HSC/MPP
15,MEP_104,MEP
16,CMP_184,GMP
17,GMP_93,MDP
18,CMP_576,MEP
19,MEP_158,MEP
20,CMP_317,GMP
21,MEP_172,MEP
22,CMP_584,MEP
23,MEP_134,MEP
24,CMP_111,GMP
25,MEP_125,MEP
26,CMP_218,GMP
27,MEP_184,MEP
28,HSC_93,HSC/MPP
29,GMP_287,MDP
30,CMP_373,GMP
31,CMP_402,MEP
32,CMP_191,MEP
33,MEP_128,MEP
34,CMP_477,MEP
35,MEP_116,MEP
36,MEP_119,MEP
37,MEP_97,MEP
38,CMP_199,CMP/BMP
39,GMP_16,MDP
40,CMP_177,MEP
41,CMP_143,MEP
42,CMP_264,GMP
43,MEP_19,MEP
44,CMP_475,CMP/BMP
45,MEP_91,MEP
46,CMP_179,GMP
47,MEP_112,MEP
48,MEP_153,MEP
49,CMP_351,MEP
50,GMP_246,GMP
51,MEP_174,MEP
52,CMP_263,CMP/BMP
53,HSC_17,HSC/MPP
54,MEP_115,MEP
55,CMP_62,CMP/BMP
56,CMP_346,MEP
57,MEP_93,MEP
58,MEP_103,MEP
59,MPP_93,HSC/MPP
60,LMPP_53,MDP
61,GMP_282,MDP
62,HSC_381,HSC/MPP
63,MEP_23,MEP
64,GMP_193,MDP
65,CMP_670,MEP
66,HSC_69,HSC/MPP
67,CMP_92,CMP/BMP
68,MEP_29,MEP
69,MEP_22,MEP
70,CMP_345,GMP
71,GMP_28,MDP
72,CMP_213,CLP
73,CMP_93,MEP
74,GMP_269,GMP
75,CMP_524,Memory-B
76,CMP_225,GMP
77,CMP_430,MEP
78,GMP_198,MDP
79,CLP_137,Pro-B
80,HSC_281,HSC/MPP
81,CMP_258,MEP
82,CMP_63,MEP
83,MEP_178,MEP
84,CMP_37,CMP/BMP
85,MEP_39,MEP
86,GMP_226,MDP
87,CMP_118,LMPP
88,CMP_223,CMP/BMP
89,CMP_415,LMPP
90,GMP_23,GMP
91,GMP_231,MDP
92,GMP_67,MDP
93,HSC_190,HSC/MPP
94,CMP_188,LMPP
95,HSC_18,LMPP
96,CMP_104,MEP
97,HSC_30,HSC/MPP
98,CMP_254,MEP
99,CMP_281,LMPP
100,MEP_144,MEP
101,CMP_458,LMPP
102,CMP_353,GMP
103,CMP_399,CMP/BMP
104,MEP_180,MEP
105,MEP_142,MEP
106,HSC_380,HSC/MPP
107,CMP_132,MEP
108,CMP_96,MEP
109,MEP_166,MEP
110,CMP_72,MEP
111,MEP_152,MEP
112,HSC_16,HSC/MPP
113,CMP_327,MEP
114,CMP_95,Memory-B
115,MEP_98,MEP
116,CMP_610,MEP
117,CMP_413,GMP
118,GMP_69,MDP
119,CMP_377,LMPP
120,LMPP_10,MDP
121,CMP_567,CMP/BMP
122,GMP_230,LMPP
123,MEP_106,MEP
124,LMPP_57,CLP
125,MEP_276,MEP
126,CMP_379,MEP
127,MEP_107,MEP
128,CMP_190,CMP/BMP
129,CMP_356,GMP
130,CMP_505,MEP
131,MEP_149,MEP
132,MEP_105,MEP
133,GMP_238,MDP
134,CMP_206,CMP/BMP
135,CMP_334,MEP
136,CMP_371,MEP
137,CMP_166,LMPP
138,HSC_219,HSC/MPP
139,MEP_238,MEP
140,CMP_638,CMP/BMP
141,MEP_191,MEP
142,MEP_110,MEP
143,CMP_382,MEP
144,GMP_213,MDP
145,MPP_92,HSC/MPP
146,MEP_90,MEP
147,HSC_126,MEP
148,LMPP_2,CLP
149,CMP_545,CMP/BMP
150,CMP_474,MEP
151,CMP_574,CMP/BMP
152,CMP_312,HSC/MPP
153,CMP_183,MEP
154,CMP_114,MEP
155,MPP_30,HSC/MPP
156,MEP_146,MEP
157,CMP_333,MEP
158,HSC_7,HSC/MPP
159,GMP_262,LMPP
160,CMP_662,HSC/MPP
161,CMP_478,HSC/MPP
162,CMP_163,LMPP
163,HSC_360,HSC/MPP
164,CMP_420,HSC/MPP
165,LMPP_31,CLP
166,CMP_129,MEP
167,GMP_281,GMP
168,MEP_141,MEP
169,HSC_101,HSC/MPP
170,GMP_211,MDP
171,CMP_6,LMPP
172,CMP_531,MEP
173,GMP_274,MDP
174,CMP_577,CMP/BMP
175,MEP_259,MEP
176,CMP_394,MEP
177,CMP_509,MEP
178,GMP_283,MDP
179,MEP_113,MEP
180,CMP_235,LMPP
181,HSC_319,HSC/MPP
182,HSC_176,HSC/MPP
183,HSC_257,HSC/MPP
184,CMP_228,CMP/BMP
185,HSC_173,HSC/MPP
186,CMP_562,MEP
187,HSC_331,LMPP
188,CMP_311,MEP
189,CMP_232,MEP
190,HSC_351,HSC/MPP
191,CMP_329,CMP/BMP
192,LMPP_93,CLP
193,HSC_434,HSC/MPP
194,CMP_59,MEP
195,MEP_281,MEP
196,HSC_83,HSC/MPP
197,HSC_372,HSC/MPP
198,GMP_70,MDP
199,CMP_630,MEP
200,CMP_222,CMP/BMP
201,LMPP_8,GMP
202,CMP_540,MEP
203,HSC_263,HSC/MPP
204,CMP_446,LMPP
205,GMP_263,MDP
206,HSC_367,HSC/MPP
207,MEP_120,MEP
208,CMP_456,MEP
209,GMP_264,MDP
210,MEP_129,MEP
211,CMP_381,CMP/BMP
212,GMP_278,MDP
213,CMP_550,LMPP
214,CMP_251,LMPP
215,CMP_626,MEP
216,CMP_362,MEP
217,CMP_358,LMPP
218,MEP_140,MEP
219,CMP_250,GMP
220,LMPP_32,CLP
221,LMPP_94,CLP
222,HSC_238,HSC/MPP
223,CMP_607,HSC/MPP
224,CMP_321,MEP
225,CMP_102,MEP
226,HSC_300,HSC/MPP
227,HSC_216,LMPP
228,CMP_569,MEP
229,CMP_80,MEP
230,CMP_432,MEP
231,CMP_231,MEP
232,MEP_176,MEP
233,LMPP_69,CLP
234,CMP_408,GMP
235,LMPP_39,LMPP
236,CMP_278,CMP/BMP
237,HSC_338,HSC/MPP
238,CMP_363,MEP
239,CMP_646,MEP
240,HSC_162,HSC/MPP
241,GMP_247,MDP
242,CMP_219,MEP
243,HSC_327,HSC/MPP
244,CMP_593,HSC/MPP
245,CMP_454,HSC/MPP
246,CMP_544,GMP
247,MEP_161,MEP
248,CMP_339,HSC/MPP
249,HSC_151,HSC/MPP
250,CMP_212,CMP/BMP
251,CMP_629,MEP
252,CMP_519,MEP
253,CMP_168,MEP
254,MEP_139,MEP
255,CMP_202,CMP/BMP
256,CMP_451,LMPP
257,CMP_268,MEP
258,CMP_70,GMP
259,CMP_561,GMP
260,MEP_138,MEP
261,HSC_139,HSC/MPP
262,CMP_529,MEP
263,GMP_267,GMP
264,HSC_164,HSC/MPP
265,CMP_434,GMP
266,HSC_156,HSC/MPP
267,CMP_580,MEP
268,CMP_438,MEP
269,CMP_497,MEP
270,GMP_268,Mono1
271,CMP_230,MEP
272,CMP_259,LMPP
273,CMP_361,CMP/BMP
274,GMP_216,MDP
275,GMP_76,MDP
276,LMPP_34,LMPP
277,CMP_651,MEP
278,GMP_252,MDP
279,CMP_600,MEP
280,CMP_182,CMP/BMP
281,HSC_225,HSC/MPP
282,LMPP_56,LMPP
283,CMP_605,MEP
284,HSC_427,HSC/MPP
285,HSC_11,LMPP
286,HSC_75,CLP
287,CMP_336,LMPP
288,CMP_671,MEP
289,MEP_56,MEP
290,GMP_221,LMPP
291,MEP_100,MEP
292,CMP_368,CMP/BMP
293,LMPP_91,CLP
294,MEP_118,MEP
295,CMP_571,CMP/BMP
296,MEP_179,MEP
297,MEP_156,MEP
298,CLP_108,Pro-B
299,CMP_247,LMPP
300,CMP_396,LMPP
301,CMP_403,MEP
302,GMP_1,MDP
303,MEP_132,MEP
304,HSC_220,HSC/MPP
305,MEP_173,MEP
306,CMP_211,CMP/BMP
307,CMP_521,MEP
308,MEP_200,MEP
309,CMP_181,MEP
310,MEP_154,MEP
311,CMP_609,MEP
312,HSC_324,HSC/MPP
313,LMPP_86,CLP
314,HSC_279,HSC/MPP
315,MEP_170,MEP
316,LMPP_77,LMPP
317,HSC_435,HSC/MPP
318,CMP_579,MEP
319,LMPP_41,LMPP
320,CMP_149,MEP
321,MEP_155,MEP
322,GMP_214,LMPP
323,CMP_621,HSC/MPP
324,GMP_250,MDP
325,CMP_140,MEP
326,CMP_400,MEP
327,LMPP_84,CLP
328,HSC_302,HSC/MPP
329,HSC_132,HSC/MPP
330,CMP_303,MEP
331,CMP_116,MEP
332,CMP_437,LMPP
333,CMP_439,MEP
334,HSC_72,HSC/MPP
335,CMP_655,MEP
336,CLP_135,Pro-B
337,CMP_448,GMP
338,LMPP_82,CLP
339,MPP_134,MEP
340,CMP_288,MEP
341,MPP_65,HSC/MPP
342,CMP_636,MEP
343,GMP_245,GMP
344,CMP_573,Memory-B
345,HSC_57,HSC/MPP
346,CMP_644,CLP
347,MEP_94,MEP
348,HSC_246,HSC/MPP
349,CMP_289,GMP
350,GMP_7,MDP
351,HSC_317,HSC/MPP
352,LMPP_49,LMPP
353,MEP_175,MEP
354,CMP_601,HSC/MPP
355,CMP_386,MEP
356,HSC_326,HSC/MPP
357,MPP_17,HSC/MPP
358,HSC_121,HSC/MPP
359,CMP_578,LMPP
360,LMPP_55,CLP
361,HSC_374,HSC/MPP
362,HSC_40,HSC/MPP
363,HSC_307,HSC/MPP
364,HSC_64,HSC/MPP
365,GMP_215,MDP
366,MEP_37,MEP
367,MPP_90,MEP
368,CMP_468,MEP
369,CMP_489,LMPP
370,MEP_135,MEP
371,MEP_131,MEP
372,GMP_90,MDP
373,CMP_442,MEP
374,CMP_240,MEP
375,MEP_58,MEP
376,CMP_142,MEP
377,CMP_650,MEP
378,CMP_137,MEP
379,GMP_255,GMP
380,CMP_661,MEP
381,CMP_39,MEP
382,MEP_33,MEP
383,CMP_287,MEP
384,CMP_335,CMP/BMP
385,HSC_226,HSC/MPP
386,CMP_125,GMP
387,HSC_315,HSC/MPP
388,HSC_261,HSC/MPP
389,LMPP_89,CLP
390,MEP_4,MEP
391,HSC_39,HSC/MPP
392,GMP_240,MDP
393,HSC_187,HSC/MPP
394,LMPP_88,CLP
395,GMP_51,Mono2
396,MPP_159,Memory-B
397,CLP_183,Pro-B
398,MEP_124,MEP
399,HSC_2,HSC/MPP
400,HSC_329,HSC/MPP
401,MEP_162,MEP
402,HSC_184,HSC/MPP
403,MPP_151,MEP
404,CMP_185,CMP/BMP
405,CMP_309,MEP
406,HSC_355,HSC/MPP
407,LMPP_26,CLP
408,HSC_0,HSC/MPP
409,GMP_251,MDP
410,HSC_458,HSC/MPP
411,MEP_126,MEP
412,LMPP_4,CLP
413,HSC_339,HSC/MPP
414,MEP_96,MEP
415,HSC_253,CLP
416,GMP_271,MDP
417,MEP_50,MEP
418,HSC_379,HSC/MPP
419,HSC_283,HSC/MPP
420,MPP_141,MEP
421,GMP_227,MDP
422,MPP_125,MEP
423,HSC_336,HSC/MPP
424,CMP_632,MEP
425,CMP_221,MEP
426,CMP_170,CMP/BMP
427,CMP_147,CMP/BMP
428,CMP_257,CMP/BMP
429,CLP_171,CLP
430,HSC_465,HSC/MPP
431,CMP_469,LMPP
432,CMP_426,LMPP
433,CMP_210,MEP
434,CMP_242,MEP
435,HSC_370,MEP
436,HSC_91,HSC/MPP
437,CMP_120,CMP/BMP
438,CMP_648,MEP
439,MEP_92,MEP
440,GMP_102,MDP
441,CMP_84,MEP
442,HSC_87,LMPP
443,CMP_123,CMP/BMP
444,MEP_86,MEP
445,CLP_123,Pro-B
446,HSC_195,HSC/MPP
447,GMP_222,MDP
448,CMP_269,GMP
449,CMP_357,CMP/BMP
450,GMP_200,MDP
451,HSC_185,HSC/MPP
452,GMP_194,LMPP
453,CMP_106,HSC/MPP
454,CMP_405,CMP/BMP
455,MEP_148,MEP
456,LMPP_75,LMPP
457,MEP_183,MEP
458,CMP_664,CMP/BMP
459,MEP_34,MEP
460,CMP_624,CMP/BMP
461,HSC_325,HSC/MPP
462,CMP_342,CMP/BMP
463,CMP_485,MEP
464,GMP_258,MDP
465,CMP_261,CMP/BMP
466,LMPP_64,LMPP
467,HSC_186,HSC/MPP
468,CMP_139,MEP
469,CMP_298,HSC/MPP
470,CMP_315,MEP
471,GMP_192,GMP
472,MEP_40,MEP
473,CMP_297,LMPP
474,CMP_457,LMPP
475,MEP_185,MEP
476,LMPP_33,LMPP
477,HSC_74,HSC/MPP
478,MPP_84,HSC/MPP
479,CMP_641,MEP
480,CMP_612,MEP
481,MEP_95,MEP
482,MEP_82,MEP
483,MPP_122,HSC/MPP
484,CMP_575,CMP/BMP
485,HSC_48,HSC/MPP
486,CMP_271,HSC/MPP
487,HSC_86,HSC/MPP
488,CMP_518,CMP/BMP
489,GMP_71,MDP
490,GMP_260,MDP
491,HSC_251,HSC/MPP
492,GMP_37,MDP
493,MEP_109,MEP
494,LMPP_81,LMPP
495,GMP_223,MDP
496,HSC_278,HSC/MPP
497,MEP_17,MEP
498,CMP_203,GMP
499,HSC_312,HSC/MPP
500,CLP_190,Pro-B
501,MPP_8,HSC/MPP
502,CMP_117,CMP/BMP
503,GMP_270,MDP
504,HSC_145,CLP
505,HSC_163,MEP
506,MPP_107,MEP
507,GMP_275,pDC
508,CMP_568,MEP
509,HSC_363,LMPP
510,GMP_85,MDP
511,MEP_3,MEP
512,LMPP_87,CLP
513,CMP_25,GMP
514,HSC_65,HSC/MPP
515,CMP_350,HSC/MPP
516,MPP_55,HSC/MPP
517,CMP_22,LMPP
518,GMP_201,Mono1
519,MEP_53,MEP
520,CMP_355,CMP/BMP
521,MEP_130,MEP
522,CMP_155,MEP
523,CMP_581,HSC/MPP
524,HSC_454,HSC/MPP
525,LMPP_59,CLP
526,CMP_340,CMP/BMP
527,HSC_175,CLP
528,LMPP_54,pDC
529,LMPP_51,CLP
530,LMPP_79,CLP
531,MEP_147,MEP
532,MEP_108,MEP
533,HSC_55,HSC/MPP
534,HSC_63,HSC/MPP
535,CMP_369,HSC/MPP
536,CMP_252,MEP
537,CMP_229,MEP
538,CMP_422,MEP
539,MEP_48,MEP
540,CMP_338,MEP
541,CMP_611,MEP
542,CMP_507,CLP
543,GMP_36,MDP
544,CMP_375,CMP/BMP
545,HSC_23,HSC/MPP
546,GMP_92,Mono1
547,MPP_170,HSC/MPP
548,CLP_136,Pro-B
549,CMP_536,GMP
550,CMP_554,LMPP
551,HSC_346,HSC/MPP
552,HSC_166,HSC/MPP
553,CMP_265,CMP/BMP
554,GMP_218,LMPP
555,GMP_253,GMP
556,CLP_93,Pro-B
557,CMP_17,MEP
558,CMP_658,MEP
559,HSC_369,HSC/MPP
560,CMP_367,MEP
561,MPP_80,HSC/MPP
562,CMP_383,CMP/BMP
563,HSC_468,HSC/MPP
564,CMP_551,MEP
565,HSC_197,HSC/MPP
566,CMP_133,MEP
567,LMPP_3,LMPP
568,HSC_459,HSC/MPP
569,GMP_25,MDP
570,MPP_34,HSC/MPP
571,HSC_182,HSC/MPP
572,GMP_225,MDP
573,CMP_275,MEP
574,HSC_265,HSC/MPP
575,MEP_163,MEP
576,MEP_111,MEP
577,GMP_72,MDP
578,HSC_243,HSC/MPP
579,CMP_322,LMPP
580,CMP_484,MEP
581,LMPP_40,CLP
582,HSC_41,HSC/MPP
583,MEP_102,MEP
584,HSC_262,HSC/MPP
585,CMP_639,MEP
586,HSC_32,HSC/MPP
587,MPP_77,HSC/MPP
588,HSC_45,HSC/MPP
589,CMP_318,GMP
590,CMP_512,HSC/MPP
591,CMP_45,LMPP
592,HSC_46,HSC/MPP
593,MEP_27,MEP
594,MPP_60,HSC/MPP
595,MEP_165,MEP
596,CLP_166,Pro-B
597,HSC_202,HSC/MPP
598,HSC_158,HSC/MPP
599,CMP_103,MEP
600,CMP_466,CMP/BMP
601,MEP_177,MEP
602,MEP_16,MEP
603,CMP_603,LMPP
604,CMP_307,MEP
605,CMP_243,LMPP
606,CMP_205,CMP/BMP
607,LMPP_9,CLP
608,MEP_31,MEP
609,CMP_224,CMP/BMP
610,GMP_97,MDP
611,CMP_105,LMPP
612,MEP_83,MEP
613,MPP_160,MEP
614,CMP_414,MEP
615,CLP_112,Pro-B
616,HSC_242,HSC/MPP
617,CMP_347,CMP/BMP
618,CMP_241,CMP/BMP
619,MPP_163,MEP
620,HSC_12,HSC/MPP
621,CMP_452,MEP
622,CMP_669,MEP
623,CMP_60,LMPP
624,CMP_535,MEP
625,GMP_224,MDP
626,CLP_157,Pro-B
627,CMP_319,MEP
628,CMP_74,HSC/MPP
629,HSC_140,MEP
630,LMPP_58,CLP
631,HSC_161,HSC/MPP
632,CMP_157,CMP/BMP
633,CMP_543,GMP
634,GMP_242,LMPP
635,CMP_617,Memory-B
636,LMPP_74,LMPP
637,CMP_372,LMPP
638,CMP_284,CMP/BMP
639,HSC_310,HSC/MPP
640,CMP_162,MEP
641,HSC_19,HSC/MPP
642,LMPP_22,LMPP
643,HSC_62,HSC/MPP
644,HSC_466,HSC/MPP
645,MEP_117,MEP
646,MEP_18,MEP
647,CMP_306,HSC/MPP
648,LMPP_80,LMPP
649,MEP_57,MEP
650,LMPP_38,CLP
651,HSC_135,HSC/MPP
652,HSC_245,MEP
653,MEP_121,MEP
654,HSC_76,HSC/MPP
655,CMP_308,LMPP
656,HSC_437,HSC/MPP
657,MPP_166,HSC/MPP
658,HSC_343,MEP
659,CMP_659,HSC/MPP
660,HSC_103,HSC/MPP
661,HSC_231,HSC/MPP
662,CMP_526,CMP/BMP
663,MPP_94,HSC/MPP
664,CMP_627,MEP
665,GMP_82,pDC
666,CMP_150,GMP
667,GMP_21,MDP
668,CMP_416,LMPP
669,CMP_645,MEP
670,CMP_590,MEP
671,HSC_353,HSC/MPP
672,HSC_254,HSC/MPP
673,MPP_117,MEP
674,MEP_159,MEP
675,GMP_208,Mono1
676,GMP_24,CLP
677,CMP_128,HSC/MPP
678,CMP_341,MEP
679,CMP_135,MEP
680,CMP_130,LMPP
681,CMP_467,LMPP
682,MPP_178,MEP
683,CMP_441,CMP/BMP
684,MPP_50,HSC/MPP
685,HSC_120,HSC/MPP
686,CMP_516,GMP
687,MEP_99,MEP
688,CMP_127,LMPP
689,CLP_126,CLP
690,MEP_10,MEP
691,CMP_622,MEP
692,MEP_216,MEP
693,LMPP_70,CLP
694,CMP_349,MEP
695,HSC_350,MEP
696,CMP_194,HSC/MPP
697,CMP_388,MEP
698,CMP_619,MEP
699,MPP_161,MEP
700,CMP_556,HSC/MPP
701,CMP_502,MEP
702,GMP_9,Mono1
703,HSC_228,HSC/MPP
704,CMP_647,HSC/MPP
705,MPP_99,HSC/MPP
706,CMP_255,GMP
707,CMP_154,CMP/BMP
708,LMPP_63,CLP
709,CMP_145,CMP/BMP
710,HSC_291,HSC/MPP
711,CMP_300,MEP
712,LMPP_17,LMPP
713,HSC_224,MEP
714,GMP_220,GMP
715,CMP_613,MEP
716,MEP_89,MEP
717,CMP_27,MEP
718,MPP_132,HSC/MPP
719,HSC_77,HSC/MPP
720,MPP_66,HSC/MPP
721,CMP_291,MEP
722,GMP_38,MDP
723,MPP_149,MEP
724,LMPP_1,LMPP
725,CMP_406,MEP
726,GMP_261,GMP
727,HSC_70,HSC/MPP
728,CMP_38,MEP
729,GMP_189,MDP
730,CMP_483,GMP
731,HSC_21,LMPP
732,CMP_216,CMP/BMP
733,CMP_24,MEP
734,LMPP_24,CLP
735,CMP_316,MEP
736,HSC_337,MEP
737,GMP_43,MDP
738,HSC_31,HSC/MPP
739,CMP_85,MEP
740,LMPP_65,LMPP
741,CMP_534,MEP
742,GMP_91,pDC
743,CMP_343,MEP
744,HSC_193,HSC/MPP
745,CMP_486,MEP
746,CMP_66,HSC/MPP
747,HSC_9,HSC/MPP
748,CMP_113,CMP/BMP
749,CMP_618,MEP
750,CLP_170,Pro-B
751,CMP_146,MEP
752,CMP_654,HSC/MPP
753,HSC_267,HSC/MPP
754,MPP_67,HSC/MPP
755,GMP_233,MDP
756,CMP_302,LMPP
757,HSC_154,HSC/MPP
758,GMP_265,MDP
759,CMP_501,CMP/BMP
760,MEP_157,MEP
761,HSC_98,HSC/MPP
762,CMP_552,CMP/BMP
763,CMP_159,GMP
764,CMP_244,HSC/MPP
765,CMP_253,MEP
766,GMP_172,MDP
767,GMP_13,LMPP
768,MPP_120,MEP
769,MEP_12,MEP
770,CMP_226,MEP
771,CLP_149,Pro-B
772,GMP_68,Mono1
773,HSC_53,HSC/MPP
774,CMP_635,MEP
775,CMP_165,LMPP
776,LMPP_15,LMPP
777,CMP_192,MEP
778,CMP_108,LMPP
779,MPP_165,Memory-B
780,MPP_188,HSC/MPP
781,MEP_193,MEP
782,MEP_52,MEP
783,CMP_625,MEP
784,CMP_178,MEP
785,CMP_538,CMP/BMP
786,MPP_146,MEP
787,GMP_206,MDP
788,CLP_143,Memory-B
789,CMP_161,CMP/BMP
790,HSC_15,HSC/MPP
791,CMP_171,GMP
792,CMP_464,LMPP
793,HSC_180,HSC/MPP
794,HSC_403,HSC/MPP
795,CMP_471,LMPP
796,MEP_181,MEP
797,HSC_352,HSC/MPP
798,CLP_187,Pro-B
799,CMP_54,MEP
800,HSC_88,HSC/MPP
801,CMP_122,LMPP
802,CLP_113,Pro-B
803,CMP_91,MEP
804,HSC_290,HSC/MPP
805,MEP_198,MEP
806,HSC_442,HSC/MPP
807,HSC_60,MEP
808,CMP_634,MEP
809,HSC_26,HSC/MPP
810,HSC_183,HSC/MPP
811,MPP_26,LMPP
812,CMP_201,GMP
813,CMP_314,MEP
814,GMP_20,MDP
815,CLP_103,Pro-B
816,HSC_148,HSC/MPP
817,GMP_39,GMP
818,HSC_58,HSC/MPP
819,HSC_430,HSC/MPP
820,GMP_217,pDC
821,HSC_328,MEP
822,HSC_149,HSC/MPP
823,CMP_246,CMP/BMP
824,HSC_301,HSC/MPP
825,MEP_51,MEP
826,CLP_122,Pro-B
827,CMP_160,MEP
828,MPP_124,MEP
829,HSC_13,HSC/MPP
830,MEP_30,MEP
831,HSC_275,HSC/MPP
832,GMP_46,CLP
833,CMP_227,HSC/MPP
834,HSC_80,HSC/MPP
835,MEP_205,MEP
836,GMP_276,GMP
837,MEP_143,MEP
838,HSC_147,HSC/MPP
839,HSC_259,HSC/MPP
840,CMP_620,Memory-B
841,CLP_111,CLP
842,HSC_42,HSC/MPP
843,CMP_15,MEP
844,CMP_34,LMPP
845,LMPP_28,LMPP
846,MEP_210,MEP
847,CMP_26,CMP/BMP
848,HSC_134,HSC/MPP
849,GMP_83,MDP
850,CMP_71,HSC/MPP
851,MPP_144,HSC/MPP
852,CMP_330,MEP
853,MEP_261,MEP
854,CMP_429,GMP
855,HSC_450,HSC/MPP
856,HSC_104,HSC/MPP
857,GMP_196,MDP
858,MEP_208,MEP
859,CMP_58,HSC/MPP
860,CMP_77,MEP
861,MEP_8,MEP
862,MPP_114,MEP
863,CMP_640,MEP
864,MEP_85,MEP
865,CMP_423,CMP/BMP
866,CMP_126,MEP
867,GMP_73,MDP
868,CMP_615,MEP
869,GMP_234,MDP
870,LMPP_7,pDC
871,MPP_135,HSC/MPP
872,HSC_152,HSC/MPP
873,LMPP_35,LMPP
874,CMP_560,MEP
875,MPP_75,HSC/MPP
876,CMP_41,MEP
877,LMPP_25,LMPP
878,HSC_142,HSC/MPP
879,MEP_21,MEP
880,MEP_15,MEP
881,MPP_106,CLP
882,GMP_120,Mono2
883,MPP_115,MEP
884,CLP_134,Pro-B
885,CMP_167,MEP
886,CMP_119,MEP
887,MEP_41,MEP
888,LMPP_48,LMPP
889,MPP_154,HSC/MPP
890,CLP_110,Pro-B
891,GMP_125,MDP
892,CMP_29,MEP
893,MPP_41,HSC/MPP
894,CLP_160,Pro-B
895,HSC_366,HSC/MPP
896,HSC_89,MEP
897,MPP_138,MEP
898,GMP_237,LMPP
899,LMPP_44,LMPP
900,HSC_473,HSC/MPP
901,HSC_96,HSC/MPP
902,MPP_53,HSC/MPP
903,CMP_42,MEP
904,GMP_58,pDC
905,CMP_73,LMPP
906,CMP_75,LMPP
907,CMP_158,MEP
908,HSC_448,HSC/MPP
909,HSC_240,HSC/MPP
910,MEP_13,MEP
911,MPP_127,HSC/MPP
912,GMP_235,MDP
913,LMPP_29,CMP/BMP
914,CMP_614,MEP
915,CMP_173,MEP
916,GMP_44,GMP
917,CMP_76,MEP
918,MPP_126,HSC/MPP
919,LMPP_36,CLP
920,GMP_121,LMPP
921,MPP_54,HSC/MPP
922,HSC_125,HSC/MPP
923,CMP_572,MEP
924,CMP_121,MEP
925,HSC_47,HSC/MPP
926,GMP_176,GMP
927,MPP_168,HSC/MPP
928,CMP_189,MEP
929,MPP_69,HSC/MPP
930,MPP_36,HSC/MPP
931,HSC_308,MEP
932,CLP_104,CLP
933,CMP_267,LMPP
934,MEP_171,MEP
935,CMP_320,MEP
936,GMP_144,GMP
937,CMP_365,CMP/BMP
938,GMP_187,Pro-B
939,MPP_39,HSC/MPP
940,HSC_334,HSC/MPP
941,CMP_136,HSC/MPP
942,GMP_8,Mono1
943,MEP_59,MEP
944,LMPP_46,pDC
945,GMP_31,MDP
946,CMP_14,CMP/BMP
947,CMP_94,LMPP
948,GMP_57,LMPP
949,CLP_175,Pro-B
950,MEP_1,MEP
951,MPP_12,HSC/MPP
952,MPP_98,HSC/MPP
953,CMP_124,MEP
954,HSC_130,HSC/MPP
955,CMP_493,CMP/BMP
956,HSC_276,HSC/MPP
957,CMP_290,MEP
958,GMP_30,MDP
959,MPP_173,MEP
960,GMP_210,MEP
961,GMP_241,MDP
962,HSC_8,HSC/MPP
963,MEP_133,MEP
964,HSC_449,HSC/MPP
965,HSC_357,HSC/MPP
966,CMP_90,CMP/BMP
967,LMPP_72,LMPP
968,CMP_660,HSC/MPP
969,CLP_142,Pro-B
970,HSC_5,HSC/MPP
971,HSC_313,HSC/MPP
972,CMP_144,MEP
973,HSC_264,HSC/MPP
974,GMP_184,GMP
975,CMP_51,LMPP
976,CMP_417,CMP/BMP
977,CMP_503,MEP
978,CMP_186,MEP
979,GMP_84,MDP
980,CMP_470,LMPP
981,GMP_117,Mono1
982,CMP_359,MEP
983,HSC_452,HSC/MPP
984,MPP_105,MEP
985,CMP_57,MEP
986,HSC_150,HSC/MPP
987,MEP_136,MEP
988,MPP_131,MEP
989,CMP_68,CMP/BMP
990,HSC_361,HSC/MPP
991,LMPP_45,CLP
992,CMP_36,HSC/MPP
993,HSC_221,HSC/MPP
994,HSC_50,HSC/MPP
995,MPP_133,HSC/MPP
996,CLP_154,CLP
997,CMP_82,LMPP
998,CMP_285,LMPP
999,HSC_79,HSC/MPP
1000,GMP_203,LMPP
1001,CMP_13,CMP/BMP
1002,MPP_29,HSC/MPP
1003,HSC_304,HSC/MPP
1004,CMP_667,GMP
1005,MPP_101,HSC/MPP
1006,CMP_31,LMPP
1007,CMP_310,MEP
1008,CMP_398,CMP/BMP
1009,CLP_99,Pro-B
1010,MPP_118,MEP
1011,MEP_272,MEP
1012,MPP_180,HSC/MPP
1013,LMPP_23,CLP
1014,GMP_75,MDP
1015,CLP_173,Pro-B
1016,HSC_218,HSC/MPP
1017,GMP_248,MDP
1018,GMP_48,MDP
1019,HSC_107,HSC/MPP
1020,CMP_410,LMPP
1021,GMP_286,LMPP
1022,LMPP_21,LMPP
1023,MEP_160,MEP
1024,CMP_97,MEP
1025,HSC_440,HSC/MPP
1026,HSC_35,HSC/MPP
1027,GMP_257,CLP
1028,CMP_387,GMP
1029,MPP_7,HSC/MPP
1030,MPP_63,HSC/MPP
1031,LMPP_30,Mono1
1032,CMP_208,MEP
1033,HSC_255,HSC/MPP
1034,CMP_642,MEP
1035,CMP_176,HSC/MPP
1036,CMP_443,MEP
1037,LMPP_83,HSC/MPP
1038,CMP_328,CMP/BMP
1039,GMP_107,MDP
1040,GMP_99,pDC
1041,HSC_292,HSC/MPP
1042,GMP_239,MDP
1043,GMP_273,LMPP
1044,GMP_74,MDP
1045,CMP_649,MEP
1046,HSC_344,HSC/MPP
1047,HSC_174,HSC/MPP
1048,CMP_563,CMP/BMP
1049,LMPP_62,CLP
1050,MPP_104,MEP
1051,CMP_391,GMP
1052,MPP_175,HSC/MPP
1053,GMP_145,Mono1
1054,HSC_122,HSC/MPP
1055,HSC_382,HSC/MPP
1056,GMP_118,CLP
1057,CMP_174,MEP
1058,CLP_109,Pro-B
1059,LMPP_71,LMPP
1060,HSC_376,HSC/MPP
1061,CMP_637,MEP
1062,MPP_27,HSC/MPP
1063,HSC_133,HSC/MPP
1064,GMP_249,MDP
1065,MEP_169,MEP
1066,HSC_464,HSC/MPP
1067,MEP_164,MEP
1068,GMP_109,GMP
1069,MEP_54,MEP
1070,CMP_169,CMP/BMP
1071,HSC_123,HSC/MPP
1072,CMP_527,CMP/BMP
1073,CMP_197,MEP
1074,GMP_197,MDP
1075,HSC_68,HSC/MPP
1076,LMPP_50,Mono1
1077,GMP_56,MDP
1078,MPP_58,HSC/MPP
1079,MPP_31,HSC/MPP
1080,LMPP_61,LMPP
1081,HSC_354,MEP
1082,GMP_159,Mono1
1083,GMP_95,MDP
1084,GMP_88,Mono1
1085,CMP_237,GMP
1086,CMP_421,CMP/BMP
1087,HSC_81,HSC/MPP
1088,MPP_79,MEP
1089,HSC_232,MEP
1090,HSC_43,HSC/MPP
1091,HSC_3,HSC/MPP
1092,HSC_289,HSC/MPP
1093,MEP_47,MEP
1094,GMP_4,MDP
1095,CMP_83,GMP
1096,HSC_215,HSC/MPP
1097,CMP_450,CMP/BMP
1098,GMP_236,LMPP
1099,MEP_5,MEP
1100,CMP_431,CMP/BMP
1101,CMP_324,CMP/BMP
1102,MEP_222,MEP
1103,CMP_30,CMP/BMP
1104,MEP_6,MEP
1105,GMP_254,LMPP
1106,GMP_175,CLP
1107,GMP_55,Mono1
1108,CMP_389,LMPP
1109,HSC_252,HSC/MPP
1110,GMP_111,pDC
1111,HSC_472,HSC/MPP
1112,CMP_332,CMP/BMP
1113,GMP_61,GMP
1114,MEP_45,MEP
1115,GMP_151,GMP
1116,CMP_337,MEP
1117,CMP_433,LMPP
1118,CMP_141,MEP
1119,CMP_21,LMPP
1120,GMP_280,GMP
1121,MPP_129,MEP
1122,LMPP_13,LMPP
1123,HSC_214,HSC/MPP
1124,HSC_181,HSC/MPP
1125,CMP_110,MEP
1126,GMP_150,GMP
1127,HSC_208,HSC/MPP
1128,CMP_476,CMP/BMP
1129,MEP_55,MEP
1130,HSC_189,HSC/MPP
1131,GMP_80,GMP
1132,MPP_62,HSC/MPP
1133,MEP_28,MEP
1134,HSC_52,HSC/MPP
1135,MEP_253,MEP
1136,MPP_4,HSC/MPP
1137,CMP_249,CMP/BMP
1138,MPP_97,HSC/MPP
1139,HSC_25,HSC/MPP
1140,MEP_42,MEP
1141,MPP_71,HSC/MPP
1142,CMP_585,MEP
1143,HSC_241,HSC/MPP
1144,HSC_194,HSC/MPP
1145,CMP_282,MEP
1146,HSC_20,HSC/MPP
1147,GMP_168,GMP
1148,GMP_202,MDP
1149,HSC_441,HSC/MPP
1150,CMP_597,MEP
1151,CLP_172,Pro-B
1152,HSC_67,HSC/MPP
1153,CMP_134,MEP
1154,HSC_309,HSC/MPP
1155,GMP_161,GMP
1156,GMP_50,Mono1
1157,CLP_92,Pro-B
1158,LMPP_5,CLP
1159,GMP_122,LMPP
1160,MPP_16,LMPP
1161,CMP_180,MEP
1162,LMPP_27,LMPP
1163,CMP_384,GMP
1164,GMP_266,MDP
1165,MPP_9,LMPP
1166,CMP_262,CMP/BMP
1167,HSC_99,MEP
1168,MPP_112,MEP
1169,HSC_94,HSC/MPP
1170,CMP_412,CMP/BMP
1171,MPP_44,LMPP
1172,MEP_231,MEP
1173,CLP_159,CLP
1174,CMP_553,CMP/BMP
1175,CMP_196,MEP
1176,MEP_14,MEP
1177,MPP_164,CLP
1178,HSC_144,HSC/MPP
1179,CMP_99,Memory-B
1180,MEP_35,MEP
1181,HSC_36,HSC/MPP
1182,MEP_224,MEP
1183,CMP_409,MEP
1184,MPP_51,HSC/MPP
1185,HSC_203,HSC/MPP
1186,CMP_101,MEP
1187,GMP_10,MDP
1188,MEP_32,CMP/BMP
1189,CMP_598,MEP
1190,HSC_266,HSC/MPP
1191,LMPP_47,LMPP
1192,CLP_98,Pro-B
1193,HSC_233,HSC/MPP
1194,GMP_232,GMP
1195,GMP_180,GMP
1196,MPP_152,MEP
1197,GMP_45,GMP
1198,CMP_657,MEP
1199,CMP_589,MEP
1200,CMP_44,MEP
1201,HSC_14,HSC/MPP
1202,CMP_3,MEP
1203,HSC_54,HSC/MPP
1204,GMP_147,CLP
1205,GMP_212,LMPP
1206,CMP_364,CMP/BMP
1207,CMP_459,LMPP
1208,HSC_191,HSC/MPP
1209,CLP_132,Pro-B
1210,MEP_274,MEP
1211,HSC_432,HSC/MPP
1212,CMP_4,GMP
1213,HSC_373,MEP
1214,HSC_90,HSC/MPP
1215,GMP_243,Mono1
1216,CMP_69,MEP
1217,GMP_167,MDP
1218,LMPP_43,LMPP
1219,HSC_138,HSC/MPP
1220,HSC_137,HSC/MPP
1221,CMP_522,CMP/BMP
1222,HSC_359,MEP
1223,HSC_97,HSC/MPP
1224,MPP_102,CLP
1225,MPP_153,MEP
1226,LMPP_20,LMPP
1227,MEP_182,MEP
1228,GMP_135,LMPP
1229,LMPP_18,CLP
1230,HSC_113,HSC/MPP
1231,HSC_428,HSC/MPP
1232,GMP_244,MDP
1233,GMP_60,CLP
1234,HSC_345,HSC/MPP
1235,MPP_130,MEP
1236,GMP_272,MDP
1237,CMP_428,CMP/BMP
1238,CMP_539,MEP
1239,CMP_599,MEP
1240,MEP_207,MEP
1241,GMP_137,CLP
1242,MPP_10,HSC/MPP
1243,CMP_596,MEP
1244,CMP_138,MEP
1245,HSC_321,HSC/MPP
1246,MPP_24,HSC/MPP
1247,CLP_107,Pro-B
1248,MPP_119,MEP
1249,GMP_49,MDP
1250,CMP_376,CMP/BMP
1251,GMP_178,MDP
1252,GMP_123,CLP
1253,GMP_139,GMP
1254,CMP_2,CMP/BMP
1255,HSC_227,HSC/MPP
1256,HSC_280,HSC/MPP
1257,GMP_154,MDP
1258,HSC_178,HSC/MPP
1259,CMP_11,MEP
1260,CMP_515,MEP
1261,MPP_182,MEP
1262,CMP_325,MEP
1263,GMP_284,MDP
1264,CMP_55,CMP/BMP
1265,HSC_234,HSC/MPP
1266,HSC_6,HSC/MPP
1267,MPP_68,CMP/BMP
1268,CMP_496,CMP/BMP
1269,CMP_479,MEP
1270,HSC_217,HSC/MPP
1271,CMP_198,CMP/BMP
1272,LMPP_90,LMPP
1273,HSC_332,HSC/MPP
1274,HSC_277,HSC/MPP
1275,MEP_217,MEP
1276,MPP_187,MEP
1277,HSC_117,HSC/MPP
1278,CMP_392,LMPP
1279,CMP_395,MEP
1280,CMP_52,GMP
1281,MEP_167,MEP
1282,MPP_100,MEP
1283,GMP_26,MDP
1284,CMP_393,MEP
1285,MEP_137,MEP
1286,HSC_128,HSC/MPP
1287,CLP_158,Pro-B
1288,CMP_148,MEP
1289,HSC_209,HSC/MPP
1290,CMP_533,MEP
1291,MPP_70,HSC/MPP
1292,GMP_219,Mono1
1293,MPP_15,MEP
1294,GMP_153,MDP
1295,CMP_407,MEP
1296,GMP_115,LMPP
1297,HSC_61,HSC/MPP
1298,CMP_547,MEP
1299,GMP_138,GMP
1300,HSC_24,HSC/MPP
1301,GMP_259,Mono1
1302,MEP_114,MEP
1303,CMP_299,HSC/MPP
1304,CMP_175,MEP
1305,MPP_91,HSC/MPP
1306,CMP_397,GMP
1307,HSC_288,HSC/MPP
1308,HSC_248,HSC/MPP
1309,LMPP_76,CLP
1310,HSC_33,HSC/MPP
1311,CMP_200,MEP
1312,CMP_234,CMP/BMP
1313,HSC_237,HSC/MPP
1314,CMP_260,HSC/MPP
1315,MPP_18,HSC/MPP
1316,GMP_256,Mono1
1317,HSC_282,HSC/MPP
1318,CMP_207,Naive-B
1319,HSC_298,CLP
1320,HSC_426,HSC/MPP
1321,HSC_270,HSC/MPP
1322,CMP_436,CMP/BMP
1323,MPP_87,HSC/MPP
1324,MEP_258,MEP
1325,HSC_38,HSC/MPP
1326,MEP_36,MEP
1327,CMP_8,CMP/BMP
1328,GMP_0,MDP
1329,CMP_465,MEP
1330,HSC_37,HSC/MPP
1331,HSC_256,HSC/MPP
1332,MPP_139,Memory-B
1333,HSC_322,MEP
1334,GMP_228,MDP
1335,HSC_335,HSC/MPP
1336,CMP_107,CMP/BMP
1337,CMP_530,MEP
1338,CMP_628,MEP
1339,CMP_643,CMP/BMP
1340,GMP_127,LMPP
1341,CLP_162,Pro-B
1342,CMP_390,GMP
1343,HSC_78,HSC/MPP
1344,CMP_1,MEP
1345,GMP_171,LMPP
1346,MPP_25,HSC/MPP
1347,CMP_374,CMP/BMP
1348,CMP_424,CMP/BMP
1349,GMP_207,GMP
1350,GMP_22,MDP
1351,CMP_323,MEP
1352,GMP_19,Memory-B
1353,GMP_279,MDP
1354,HSC_249,HSC/MPP
1355,HSC_383,MEP
1356,LMPP_11,LMPP
1357,GMP_87,GMP
1358,CMP_460,MEP
1359,GMP_277,MDP
1360,MEP_2,MEP
1361,HSC_286,HSC/MPP
1362,CMP_594,Memory-B
1363,MEP_25,MEP
1364,MEP_123,MEP
1365,CMP_245,CMP/BMP
1366,GMP_15,MDP
1367,HSC_159,HSC/MPP
1368,MPP_73,HSC/MPP
1369,HSC_258,LMPP
1370,LMPP_85,LMPP
1371,MPP_174,MEP
1372,HSC_444,HSC/MPP
1373,MPP_177,MEP
1374,HSC_201,HSC/MPP
1375,GMP_98,GMP
1376,CMP_352,CMP/BMP
1377,HSC_168,HSC/MPP
1378,HSC_318,MEP
1379,GMP_157,Naive-B
1380,MPP_48,HSC/MPP
1381,MPP_56,HSC/MPP
1382,CMP_558,MEP
1383,CMP_444,CMP/BMP
1384,CMP_445,MEP
1385,GMP_156,LMPP
1386,GMP_204,LMPP
1387,HSC_10,HSC/MPP
1388,HSC_320,HSC/MPP
1389,HSC_239,HSC/MPP
1390,CMP_9,CMP/BMP
1391,CMP_440,CMP/BMP
1392,HSC_236,HSC/MPP
1393,CLP_127,Memory-B
1394,CMP_301,CMP/BMP
1395,CMP_565,CMP/BMP
1396,HSC_330,MEP
1397,CMP_43,MEP
1398,CMP_370,CMP/BMP
1399,GMP_119,Mono1
1400,CLP_115,Pro-B
1401,HSC_269,HSC/MPP
1402,GMP_155,MDP
1403,GMP_209,GMP
1404,CLP_79,Pro-B
1405,CMP_462,CMP/BMP
1406,CMP_156,MEP
1407,HSC_348,MEP
1408,MPP_150,MEP
1409,CLP_75,CLP
1410,HSC_297,HSC/MPP
1411,MPP_145,HSC/MPP
1412,HSC_200,HSC/MPP
1413,CMP_532,MEP
1414,HSC_268,HSC/MPP
1415,MEP_11,MEP
1416,HSC_260,HSC/MPP
1417,GMP_190,LMPP
1418,HSC_84,LMPP
1419,MPP_72,LMPP
1420,CMP_35,LMPP
1421,GMP_199,LMPP
1422,CMP_279,MEP
1423,HSC_460,HSC/MPP
1424,CMP_32,LMPP
1425,CMP_56,GMP
1426,LMPP_37,LMPP
1427,LMPP_6,LMPP
1428,GMP_182,CLP
1429,CMP_587,HSC/MPP
1430,CMP_665,MEP
1431,HSC_165,HSC/MPP
1432,MEP_80,MEP
1433,CMP_348,CMP/BMP
1434,CMP_511,LMPP
1435,CLP_179,Pro-B
1436,HSC_230,MEP
1437,MPP_108,MEP
1438,CMP_217,MEP
1439,CLP_78,Pro-B
1440,CMP_582,MEP
1441,HSC_445,MEP
1442,CLP_73,Pro-B
1443,CMP_419,CMP/BMP
1444,GMP_163,MDP
1445,CMP_109,MEP
1446,MPP_37,LMPP
1447,GMP_79,GMP
1448,CMP_354,CMP/BMP
1449,GMP_47,Mono1
1450,MEP_49,MEP
1451,CMP_541,MEP
1452,HSC_177,HSC/MPP
1453,GMP_166,pDC
1454,MEP_44,MEP
1455,MPP_47,HSC/MPP
1456,HSC_457,MEP
1457,CMP_20,CMP/BMP
1458,GMP_173,GMP
1459,LMPP_95,LMPP
1460,GMP_110,LMPP
1461,CLP_95,Pro-B
1462,MPP_111,HSC/MPP
1463,CMP_360,HSC/MPP
1464,GMP_11,GMP
1465,HSC_311,HSC/MPP
1466,MEP_220,MEP
1467,HSC_436,HSC/MPP
1468,GMP_14,MDP
1469,HSC_244,HSC/MPP
1470,CMP_23,MEP
1471,HSC_100,MEP
1472,CLP_74,Pro-B
1473,MPP_13,HSC/MPP
1474,MPP_42,HSC/MPP
1475,GMP_134,LMPP
1476,GMP_86,GMP
1477,MPP_19,HSC/MPP
1478,HSC_347,HSC/MPP
1479,CMP_557,MEP
1480,MPP_85,MEP
1481,MPP_137,MEP
1482,GMP_66,Mono1
1483,GMP_205,LMPP
1484,GMP_59,MDP
1485,CMP_64,CMP/BMP
1486,MPP_147,MEP
1487,MPP_38,Memory-B
1488,CMP_0,MEP
1489,LMPP_60,LMPP
1490,GMP_116,GMP
1491,CMP_313,MEP
1492,GMP_158,LMPP
1493,HSC_293,MEP
1494,CLP_147,Pro-B
1495,CLP_128,Pro-B
1496,GMP_195,CLP
1497,CMP_61,HSC/MPP
1498,GMP_181,GMP
1499,HSC_73,HSC/MPP
1500,CLP_69,Pro-B
1501,CMP_115,MEP
1502,CMP_236,CMP/BMP
1503,MPP_103,MEP
1504,CLP_182,Pro-B
1505,HSC_340,HSC/MPP
1506,GMP_140,GMP
1507,CMP_18,MEP
1508,HSC_419,HSC/MPP
1509,MPP_89,HSC/MPP
1510,HSC_222,HSC/MPP
1511,CLP_185,Pro-B
1512,MPP_23,HSC/MPP
1513,CMP_65,GMP
1514,HSC_169,HSC/MPP
1515,CLP_180,Pro-B
1516,LMPP_66,LMPP
1517,HSC_1,HSC/MPP
1518,CMP_549,Memory-B
1519,CMP_631,MEP
1520,HSC_4,HSC/MPP
1521,CMP_401,CMP/BMP
1522,CMP_472,MEP
1523,CMP_411,Naive-B
1524,LMPP_68,LMPP
1525,MEP_246,MEP
1526,CMP_480,MEP
1527,CMP_152,Memory-B
1528,HSC_247,HSC/MPP
1529,CMP_453,LMPP
1530,GMP_113,Mono2
1531,CMP_447,MEP
1532,MPP_176,HSC/MPP
1533,HSC_385,HSC/MPP
1534,CMP_215,MEP
1535,CLP_90,CLP
1536,HSC_398,HSC/MPP
1537,MPP_64,HSC/MPP
1538,HSC_368,HSC/MPP
1539,CLP_70,CLP
1540,MPP_35,HSC/MPP
1541,CMP_482,CMP/BMP
1542,HSC_49,HSC/MPP
1543,CLP_130,Pro-B
1544,CLP_124,Pro-B
1545,CMP_331,MEP
1546,MPP_148,MEP
1547,MPP_185,MEP
1548,CLP_43,Pro-B
1549,MPP_109,MEP
1550,CMP_506,Naive-B
1551,MEP_214,MEP
1552,HSC_95,MEP
1553,HSC_420,HSC/MPP
1554,GMP_146,pDC
1555,CMP_238,CMP/BMP
1556,CMP_491,Naive-B
1557,CMP_277,CMP/BMP
1558,LMPP_73,LMPP
1559,CMP_449,LMPP
1560,CMP_193,HSC/MPP
1561,LMPP_78,LMPP
1562,HSC_56,HSC/MPP
1563,HSC_456,HSC/MPP
1564,HSC_479,HSC/MPP
1565,MPP_136,MEP
1566,CMP_86,LMPP
1567,GMP_42,Mono1
1568,MEP_254,MEP
1569,HSC_127,HSC/MPP
1570,LMPP_12,LMPP
1571,HSC_294,HSC/MPP
1572,CMP_87,CMP/BMP
1573,CLP_101,Pro-B
1574,CMP_528,MEP
1575,HSC_422,MEP
1576,CLP_77,CLP
1577,CMP_525,MEP
1578,MPP_21,HSC/MPP
1579,HSC_129,HSC/MPP
1580,HSC_71,LMPP
1581,CLP_2,Pro-B
1582,CMP_473,MEP
1583,MEP_9,MEP
1584,MPP_95,HSC/MPP
1585,CMP_33,MEP
1586,GMP_142,Mono1
1587,MEP_26,MEP
1588,CLP_66,Pro-B
1589,MEP_0,MEP
1590,CMP_344,CMP/BMP
1591,MPP_81,HSC/MPP
1592,GMP_94,GMP
1593,GMP_162,LMPP
1594,CLP_133,Pro-B
1595,LMPP_16,LMPP
1596,CLP_125,Pro-B
1597,GMP_40,LMPP
1598,GMP_149,Mono1
1599,MPP_46,HSC/MPP
1600,MPP_128,MEP
1601,CLP_102,Pro-B
1602,CMP_151,MEP
1603,CMP_366,CMP/BMP
1604,MEP_46,MEP
1605,HSC_342,HSC/MPP
1606,MPP_49,HSC/MPP
1607,CMP_606,MEP
1608,CMP_633,MEP
1609,CMP_652,MEP
1610,GMP_103,MDP
1611,CLP_120,Pro-B
1612,HSC_157,HSC/MPP
1613,HSC_82,HSC/MPP
1614,CLP_141,CLP
1615,CMP_256,MEP
1616,HSC_443,HSC/MPP
1617,MPP_191,HSC/MPP
1618,HSC_414,HSC/MPP
1619,CMP_7,MEP
1620,HSC_170,HSC/MPP
1621,MPP_6,HSC/MPP
1622,CMP_623,MEP
1623,HSC_433,HSC/MPP
1624,CMP_588,MEP
1625,GMP_165,Mono1
1626,CMP_233,MEP
1627,MEP_81,MEP
1628,MPP_186,MEP
1629,LMPP_0,LMPP
1630,CLP_156,Pro-B
1631,LMPP_14,LMPP
1632,GMP_112,Mono1
1633,CMP_481,MEP
1634,CLP_168,Pro-B
1635,MPP_40,LMPP
1636,MEP_87,MEP
1637,GMP_62,Mono1
1638,CLP_150,Pro-B
1639,MPP_121,HSC/MPP
1640,MPP_78,HSC/MPP
1641,HSC_299,HSC/MPP
1642,HSC_470,HSC/MPP
1643,MEP_101,MEP
1644,GMP_131,MDP
1645,HSC_59,HSC/MPP
1646,CMP_5,LMPP
1647,CLP_60,Pro-B
1648,HSC_179,HSC/MPP
1649,MPP_1,HSC/MPP
1650,CLP_12,Pro-B
1651,CMP_295,MEP
1652,CMP_49,LMPP
1653,CMP_499,MEP
1654,LMPP_42,CLP
1655,MPP_142,MEP
1656,MPP_113,HSC/MPP
1657,CLP_145,Pro-B
1658,CLP_65,CLP
1659,GMP_191,CLP
1660,CMP_435,CMP/BMP
1661,CMP_656,MEP
1662,GMP_52,GMP
1663,CMP_19,CMP/BMP
1664,MEP_215,MEP
1665,HSC_155,HSC/MPP
1666,HSC_303,HSC/MPP
1667,CLP_181,Pro-B
1668,CMP_286,CMP/BMP
1669,HSC_455,HSC/MPP
1670,CMP_273,CMP/BMP
1671,GMP_183,MDP
1672,GMP_100,GMP
1673,HSC_478,HSC/MPP
1674,HSC_447,HSC/MPP
1675,CLP_68,Pro-B
1676,CLP_82,Pro-B
1677,CLP_153,Pro-B
1678,CMP_280,CMP/BMP
1679,CMP_520,MEP
1680,CMP_81,GMP
1681,GMP_78,MDP
1682,CMP_204,CMP/BMP
1683,MPP_123,MEP
1684,CMP_67,MEP
1685,CMP_378,MEP
1686,CMP_425,CMP/BMP
1687,MPP_0,HSC/MPP
1688,CMP_296,MEP
1689,CMP_28,CMP/BMP
1690,CMP_608,MEP
1691,CLP_119,Pro-B
1692,HSC_323,HSC/MPP
1693,CLP_174,Pro-B
1694,GMP_3,MDP
1695,GMP_54,Mono1
1696,CLP_61,Pro-B
1697,CMP_427,CMP/BMP
1698,HSC_141,HSC/MPP
1699,CMP_78,LMPP
1700,HSC_115,HSC/MPP
1701,CMP_418,CMP/BMP
1702,CMP_79,CMP/BMP
1703,CMP_564,GMP
1704,CMP_548,MEP
1705,HSC_421,HSC/MPP
1706,GMP_108,pDC
1707,CLP_26,CLP
1708,MPP_82,HSC/MPP
1709,MEP_20,MEP
1710,CMP_172,CMP/BMP
1711,HSC_333,HSC/MPP
1712,HSC_475,HSC/MPP
1713,CMP_50,CMP/BMP
1714,CMP_463,MEP
1715,HSC_285,HSC/MPP
1716,CMP_89,MEP
1717,MPP_155,MEP
1718,HSC_105,HSC/MPP
1719,CMP_88,MEP
1720,GMP_229,LMPP
1721,CLP_86,CLP
1722,CMP_616,MEP
1723,HSC_358,HSC/MPP
1724,CMP_12,MEP
1725,CMP_274,MEP
1726,HSC_136,HSC/MPP
1727,HSC_223,HSC/MPP
1728,CLP_129,Pro-B
1729,HSC_439,HSC/MPP
1730,HSC_28,HSC/MPP
1731,HSC_153,HSC/MPP
1732,CMP_112,CMP/BMP
1733,HSC_171,HSC/MPP
1734,CMP_48,LMPP
1735,CLP_100,Pro-B
1736,CLP_85,CLP
1737,HSC_375,HSC/MPP
1738,CMP_461,CMP/BMP
1739,CLP_97,Pro-B
1740,LMPP_52,pDC
1741,MPP_162,HSC/MPP
1742,GMP_128,CLP
1743,GMP_124,MDP
1744,CMP_98,CMP/BMP
1745,CLP_116,Pro-B
1746,HSC_102,HSC/MPP
1747,MPP_33,LMPP
1748,MPP_57,HSC/MPP
1749,MEP_195,MEP
1750,HSC_467,HSC/MPP
1751,CMP_537,CMP/BMP
1752,HSC_431,HSC/MPP
1753,CMP_404,MEP
1754,MPP_140,MEP
1755,CLP_87,Pro-B
1756,CMP_666,MEP
1757,CMP_514,CLP
1758,CMP_542,Memory-B
1759,GMP_141,LMPP
1760,CMP_513,MEP
1761,CLP_13,Pro-B
1762,MPP_45,HSC/MPP
1763,CLP_49,Pro-B
1764,LMPP_19,LMPP
1765,GMP_188,Mono1
1766,HSC_27,HSC/MPP
1767,CMP_586,HSC/MPP
1768,CMP_508,MEP
1769,HSC_22,HSC/MPP
1770,CLP_140,Pro-B
1771,CLP_20,Pro-B
1772,CMP_455,HSC/MPP
1773,MPP_179,MEP
1774,GMP_143,pDC
1775,HSC_172,HSC/MPP
1776,GMP_130,Mono1
1777,CLP_1,Pro-B
1778,CLP_71,Pro-B
1779,GMP_32,GMP
1780,CMP_498,MEP
1781,HSC_167,HSC/MPP
1782,HSC_416,HSC/MPP
1783,MPP_88,HSC/MPP
1784,CMP_248,MEP
1785,MPP_5,HSC/MPP
1786,CMP_153,Memory-B
1787,MPP_96,MEP
1788,CLP_163,Pro-B
1789,HSC_210,HSC/MPP
1790,HSC_453,HSC/MPP
1791,MPP_14,HSC/MPP
1792,CMP_53,LMPP
1793,HSC_474,HSC/MPP
1794,GMP_169,LMPP
1795,CLP_188,Pro-B
1796,CMP_583,MEP
1797,CMP_566,Memory-B
1798,HSC_408,HSC/MPP
1799,MPP_156,Naive-B
1800,HSC_306,HSC/MPP
1801,MPP_143,HSC/MPP
1802,CLP_29,Pro-B
1803,HSC_106,HSC/MPP
1804,MPP_158,HSC/MPP
1805,MPP_83,HSC/MPP
1806,HSC_118,HSC/MPP
1807,CMP_559,GMP
1808,MPP_20,HSC/MPP
1809,MPP_59,HSC/MPP
1810,CMP_546,MEP
1811,MEP_209,MEP
1812,HSC_476,HSC/MPP
1813,MPP_183,MEP
1814,MEP_256,MEP
1815,CMP_10,MEP
1816,HSC_438,HSC/MPP
1817,HSC_305,HSC/MPP
1818,CLP_146,Pro-B
1819,CMP_100,MEP
1820,CMP_555,MEP
1821,HSC_235,HSC/MPP
1822,HSC_131,HSC/MPP
1823,GMP_6,LMPP
1824,CMP_305,MEP
1825,HSC_451,MEP
1826,CMP_595,Memory-B
1827,CMP_40,CMP/BMP
1828,GMP_126,LMPP
1829,MPP_181,HSC/MPP
1830,CMP_292,HSC/MPP
1831,CLP_23,Pro-B
1832,HSC_273,HSC/MPP
1833,HSC_377,HSC/MPP
1834,CMP_510,CMP/BMP
1835,HSC_160,HSC/MPP
1836,HSC_272,HSC/MPP
1837,HSC_364,HSC/MPP
1838,CLP_41,Pro-B
1839,CLP_144,Pro-B
1840,CLP_52,Pro-B
1841,HSC_44,HSC/MPP
1842,CMP_266,MEP
1843,GMP_106,LMPP
1844,HSC_124,HSC/MPP
1845,MPP_61,HSC/MPP
1846,MPP_171,MEP
1847,HSC_469,HSC/MPP
1848,CMP_270,MEP
1849,HSC_109,HSC/MPP
1850,HSC_51,HSC/MPP
1851,HSC_415,HSC/MPP
1852,CMP_326,MEP
1853,CMP_517,Memory-B
1854,MPP_86,HSC/MPP
1855,CMP_209,CMP/BMP
1856,GMP_96,CLP
1857,CLP_152,Pro-B
1858,CLP_35,Pro-B
1859,HSC_409,HSC/MPP
1860,MEP_79,MEP
1861,MPP_184,HSC/MPP
1862,HSC_146,HSC/MPP
1863,HSC_66,HSC/MPP
1864,GMP_105,LMPP
1865,HSC_271,HSC/MPP
1866,CLP_57,GMP
1867,CMP_523,MEP
1868,HSC_207,HSC/MPP
1869,HSC_471,HSC/MPP
1870,CMP_653,CMP/BMP
1871,HSC_34,HSC/MPP
1872,GMP_133,Pro-B
1873,MEP_221,MEP
1874,CMP_570,CMP/BMP
